-- phpMyAdmin SQL Dump
-- version 4.7.4
-- https://www.phpmyadmin.net/
--
-- Host: localhost
-- Generation Time: Jan 12, 2018 at 10:51 AM
-- Server version: 10.1.26-MariaDB
-- PHP Version: 7.1.9

SET SQL_MODE = "NO_AUTO_VALUE_ON_ZERO";
SET AUTOCOMMIT = 0;
START TRANSACTION;
SET time_zone = "+00:00";


/*!40101 SET @OLD_CHARACTER_SET_CLIENT=@@CHARACTER_SET_CLIENT */;
/*!40101 SET @OLD_CHARACTER_SET_RESULTS=@@CHARACTER_SET_RESULTS */;
/*!40101 SET @OLD_COLLATION_CONNECTION=@@COLLATION_CONNECTION */;
/*!40101 SET NAMES utf8mb4 */;

--
-- Database: `eapi`
--

-- --------------------------------------------------------

--
-- Table structure for table `migrations`
--

CREATE TABLE `migrations` (
  `id` int(10) UNSIGNED NOT NULL,
  `migration` varchar(255) COLLATE utf8mb4_unicode_ci NOT NULL,
  `batch` int(11) NOT NULL
) ENGINE=InnoDB DEFAULT CHARSET=utf8mb4 COLLATE=utf8mb4_unicode_ci;

--
-- Dumping data for table `migrations`
--

INSERT INTO `migrations` (`id`, `migration`, `batch`) VALUES
(1, '2014_10_12_000000_create_users_table', 1),
(2, '2014_10_12_100000_create_password_resets_table', 1),
(3, '2018_01_12_072727_create_products_table', 1),
(4, '2018_01_12_072903_create_reviews_table', 1);

-- --------------------------------------------------------

--
-- Table structure for table `password_resets`
--

CREATE TABLE `password_resets` (
  `email` varchar(100) COLLATE utf8mb4_unicode_ci NOT NULL,
  `token` varchar(100) COLLATE utf8mb4_unicode_ci NOT NULL,
  `created_at` timestamp NULL DEFAULT NULL
) ENGINE=InnoDB DEFAULT CHARSET=utf8mb4 COLLATE=utf8mb4_unicode_ci;

-- --------------------------------------------------------

--
-- Table structure for table `products`
--

CREATE TABLE `products` (
  `id` int(10) UNSIGNED NOT NULL,
  `name` varchar(100) COLLATE utf8mb4_unicode_ci NOT NULL,
  `detail` text COLLATE utf8mb4_unicode_ci NOT NULL,
  `price` int(11) NOT NULL,
  `stock` int(11) NOT NULL,
  `discount` int(11) NOT NULL,
  `created_at` timestamp NULL DEFAULT NULL,
  `updated_at` timestamp NULL DEFAULT NULL
) ENGINE=InnoDB DEFAULT CHARSET=utf8mb4 COLLATE=utf8mb4_unicode_ci;

--
-- Dumping data for table `products`
--

INSERT INTO `products` (`id`, `name`, `detail`, `price`, `stock`, `discount`, `created_at`, `updated_at`) VALUES
(1, 'ex', 'Rerum aliquam est qui amet. Animi nihil aut alias nam. Quam minus cumque aspernatur alias. Et aut quis ea aut et perferendis perferendis.', 5744, 4, 3, '2018-01-12 04:16:00', '2018-01-12 04:16:00'),
(2, 'tempore', 'Iusto eveniet eos harum blanditiis. Culpa laudantium hic voluptatum et ipsa qui. Debitis sit beatae doloremque totam voluptatibus. Alias doloribus enim molestiae aut repellat.', 1492, 3, 28, '2018-01-12 04:16:00', '2018-01-12 04:16:00'),
(3, 'aut', 'Aut explicabo voluptatem iste blanditiis non. Voluptas occaecati quas quidem eius odio ea alias quibusdam. Ea ab sit eius sed enim amet vero.', 5943, 4, 21, '2018-01-12 04:16:00', '2018-01-12 04:16:00'),
(4, 'impedit', 'Exercitationem aut optio voluptas quis itaque et. Nihil veritatis officiis hic sit. Perferendis nisi vel nulla ea dolorem. Velit dolor magni ex odio sint ullam.', 2250, 1, 3, '2018-01-12 04:16:00', '2018-01-12 04:16:00'),
(5, 'consequatur', 'Placeat distinctio quae et quis dolorem dolores. Numquam vel voluptate hic neque. Id quidem perspiciatis id rerum sunt esse totam id. Non itaque quia quo officia voluptatem numquam.', 1323, 4, 23, '2018-01-12 04:16:00', '2018-01-12 04:16:00'),
(6, 'hic', 'Aut quo voluptas quia et. Quae autem voluptatibus consequatur pariatur id dolor rerum. Inventore veniam unde itaque assumenda nihil amet illum explicabo. Et vel dicta vitae quae dolores.', 3784, 9, 18, '2018-01-12 04:16:00', '2018-01-12 04:16:00'),
(7, 'velit', 'Nobis amet tempore sint veritatis commodi. In expedita officiis non est. Cupiditate doloribus sint dolor aliquid nesciunt odio hic sint.', 4764, 5, 26, '2018-01-12 04:16:00', '2018-01-12 04:16:00'),
(8, 'in', 'Quisquam voluptate voluptatem deleniti commodi quo. Iste deserunt ut ut quos aut in. Iusto vel id nemo laudantium. Necessitatibus deleniti tenetur consequatur vitae dignissimos pariatur.', 7380, 6, 19, '2018-01-12 04:16:00', '2018-01-12 04:16:00'),
(9, 'voluptas', 'Illo quo cupiditate accusantium qui rerum repudiandae aspernatur. Sint tempore aliquid molestiae. Fugiat sint architecto non cumque voluptatem earum doloribus. Voluptates sit aspernatur deserunt consequatur dignissimos atque asperiores sunt.', 7668, 7, 19, '2018-01-12 04:16:00', '2018-01-12 04:16:00'),
(10, 'dolores', 'Facilis ex necessitatibus velit eum aut non et animi. Perspiciatis ut ipsam quas consequatur quibusdam. Iusto inventore corporis et nostrum delectus consequuntur. Magnam est nisi id earum aut eos.', 1510, 1, 11, '2018-01-12 04:16:00', '2018-01-12 04:16:00'),
(11, 'sapiente', 'Ut recusandae qui eos a. Dolore nesciunt nihil non provident iste. Dolorem quisquam et et hic et sapiente. Ut ex architecto quisquam dolorem quae. Molestiae libero et ut possimus placeat.', 2803, 4, 7, '2018-01-12 04:16:00', '2018-01-12 04:16:00'),
(12, 'magni', 'Illum et eveniet enim sed aliquid facilis ullam. Sed aspernatur sit voluptatem est est velit. Nam doloribus itaque cupiditate.', 4156, 8, 5, '2018-01-12 04:16:00', '2018-01-12 04:16:00'),
(13, 'quod', 'Accusamus nemo cumque dolores sapiente error dolor non. Natus itaque iste dignissimos voluptatem laborum accusamus. Sunt inventore non est autem fugit sint rerum.', 3371, 6, 7, '2018-01-12 04:16:01', '2018-01-12 04:16:01'),
(14, 'est', 'Et et magnam quis voluptatum et. Repudiandae alias voluptas et et natus illo aliquam non. Deleniti eos accusantium hic facere. Aperiam ratione illum reprehenderit enim deleniti ut pariatur.', 7131, 6, 27, '2018-01-12 04:16:01', '2018-01-12 04:16:01'),
(15, 'et', 'Accusamus voluptas enim eius unde totam ad. Eveniet sapiente recusandae omnis unde doloribus culpa perspiciatis. Id autem praesentium et non incidunt.', 7563, 8, 22, '2018-01-12 04:16:01', '2018-01-12 04:16:01'),
(16, 'sed', 'Esse voluptate sint architecto corrupti ipsa est vel. Maiores eos vero est quibusdam. Sit in est et enim.', 1275, 2, 17, '2018-01-12 04:16:01', '2018-01-12 04:16:01'),
(17, 'quasi', 'Non molestiae eos soluta voluptas vero et quia. Est incidunt vel ea perferendis vel eveniet ut deserunt. Minus ea velit voluptatum asperiores a.', 6896, 5, 29, '2018-01-12 04:16:01', '2018-01-12 04:16:01'),
(18, 'commodi', 'Fugiat rerum sint voluptas consequuntur accusamus ut. Ratione autem et possimus repudiandae quae aut. Excepturi earum eaque autem quo.', 6083, 6, 5, '2018-01-12 04:16:01', '2018-01-12 04:16:01'),
(19, 'sint', 'Aspernatur nihil aut et expedita sed sunt labore dolorem. Saepe voluptatem et in accusamus harum fuga. Sit in quo est est quasi ut. Pariatur in fuga nisi delectus voluptatem consectetur.', 4024, 3, 6, '2018-01-12 04:16:01', '2018-01-12 04:16:01'),
(20, 'repellendus', 'Beatae cupiditate ut dolores qui vero. Consequuntur debitis repellat rerum iure. Maiores error rerum odio dolor explicabo. Optio molestias facilis aspernatur molestias.', 4132, 8, 27, '2018-01-12 04:16:01', '2018-01-12 04:16:01'),
(21, 'atque', 'Perspiciatis sequi aut est provident rerum rem nihil. Voluptatem et et rem aut nisi amet. Est eum porro dolor suscipit vitae amet quia. Tenetur non repellendus et iusto fugit et vel dicta.', 6020, 0, 30, '2018-01-12 04:16:01', '2018-01-12 04:16:01'),
(22, 'maiores', 'Facere similique eum et exercitationem soluta. Dolor necessitatibus debitis rerum labore ut sit. Porro veniam minus accusantium sit et eos. Aliquid non fugit sed possimus et labore. Earum quam modi in voluptatem atque nam.', 7875, 4, 22, '2018-01-12 04:16:01', '2018-01-12 04:16:01'),
(23, 'esse', 'Aut sed reprehenderit repellendus ut officia nesciunt qui. Cum iste at minima vel omnis eum. Qui non alias ducimus esse qui quibusdam. Possimus enim quis vel consequatur possimus. Sit ut et et aut.', 6125, 2, 26, '2018-01-12 04:16:01', '2018-01-12 04:16:01'),
(24, 'provident', 'Enim est aut omnis. Vel enim magnam occaecati. Iste architecto labore quidem quia est voluptatem.', 2473, 7, 25, '2018-01-12 04:16:01', '2018-01-12 04:16:01'),
(25, 'explicabo', 'Possimus excepturi quae dolor nostrum quod aut quisquam. Doloribus officia mollitia voluptatum eum est eum aut. Officia non similique et laudantium. Eos repudiandae quibusdam aut facilis.', 6238, 9, 8, '2018-01-12 04:16:01', '2018-01-12 04:16:01'),
(26, 'adipisci', 'Et eum accusamus assumenda illo modi illum. Sequi quia blanditiis velit eius ut placeat natus. Nihil error ipsum consectetur modi commodi voluptatibus ut.', 2823, 4, 19, '2018-01-12 04:16:01', '2018-01-12 04:16:01'),
(27, 'vero', 'Quia ipsum modi sit. Rerum sapiente non omnis deleniti accusamus. Ad magnam ducimus consequuntur aliquam expedita inventore. Dolores aliquid dolorem nihil nostrum sunt numquam.', 2430, 1, 5, '2018-01-12 04:16:01', '2018-01-12 04:16:01'),
(28, 'autem', 'Sit in est quod enim perferendis ullam deserunt maiores. Facere provident voluptas est facilis occaecati nam quam. Et sint voluptatem sint voluptatem tempora voluptate.', 2333, 8, 12, '2018-01-12 04:16:01', '2018-01-12 04:16:01'),
(29, 'possimus', 'Sed aperiam suscipit nostrum qui assumenda blanditiis. Excepturi ut tempore sed aut nihil ipsum. Molestiae cum vel officiis amet minima.', 3995, 1, 25, '2018-01-12 04:16:01', '2018-01-12 04:16:01'),
(30, 'consequatur', 'Magnam in reprehenderit exercitationem accusamus ratione rerum. Quos sed ratione quisquam reprehenderit. Sit odio eos sed quasi laboriosam laboriosam. Architecto amet facere quis consequatur ut quae unde.', 8743, 2, 18, '2018-01-12 04:16:01', '2018-01-12 04:16:01'),
(31, 'ut', 'Sed consequuntur occaecati iure minus. Porro reiciendis ut ut iste dolor occaecati exercitationem vero. Quis optio labore pariatur molestias quos et. Blanditiis blanditiis at possimus officiis omnis itaque sapiente.', 3789, 0, 23, '2018-01-12 04:16:01', '2018-01-12 04:16:01'),
(32, 'sint', 'Sequi veniam sit qui corrupti quod consequuntur. Est quae modi consequatur omnis eos amet. Quia alias architecto at molestiae consequatur nisi.', 6922, 0, 5, '2018-01-12 04:16:01', '2018-01-12 04:16:01'),
(33, 'ut', 'Aut recusandae est similique quia et dolor odit. Aperiam tempora incidunt dolorem quasi sequi. Itaque magnam eos ut quia aut.', 8995, 3, 7, '2018-01-12 04:16:01', '2018-01-12 04:16:01'),
(34, 'quaerat', 'Quam ex earum ipsum non odio. Iste dolores quaerat mollitia eum atque fugiat molestias vel.', 5566, 1, 27, '2018-01-12 04:16:02', '2018-01-12 04:16:02'),
(35, 'veritatis', 'Et minus velit molestiae eum. Alias sed corporis exercitationem et ratione ratione. Esse cumque non voluptates porro sit.', 6736, 7, 4, '2018-01-12 04:16:02', '2018-01-12 04:16:02'),
(36, 'doloribus', 'Quaerat consequatur occaecati hic inventore. Quos corporis reiciendis et aut aut similique. Eaque ipsam maiores sint.', 1742, 7, 22, '2018-01-12 04:16:02', '2018-01-12 04:16:02'),
(37, 'accusamus', 'Et quod aut id ipsa. Molestiae architecto fugit omnis sunt. Sed quia rerum ipsa nesciunt omnis corporis.', 7374, 5, 12, '2018-01-12 04:16:02', '2018-01-12 04:16:02'),
(38, 'recusandae', 'Voluptatem quas sint harum eum atque. Tempore quam vero sint. Id cum voluptas incidunt aut ea repellendus iure.', 8547, 8, 16, '2018-01-12 04:16:02', '2018-01-12 04:16:02'),
(39, 'ut', 'Id quae ut minima quod asperiores expedita sit. Soluta consequuntur rerum ad rerum quasi ex. Tenetur eum libero libero dolore eos consectetur. Voluptate nihil tempore et excepturi exercitationem qui. Autem placeat occaecati dolorem quis.', 1898, 4, 9, '2018-01-12 04:16:02', '2018-01-12 04:16:02'),
(40, 'ipsa', 'Quo eos enim repudiandae qui. Sit mollitia ut aut tempora saepe. Non quis dolor et sint. Nesciunt exercitationem eum qui qui enim tenetur sint.', 7479, 3, 30, '2018-01-12 04:16:02', '2018-01-12 04:16:02'),
(41, 'possimus', 'Voluptas voluptates reprehenderit maiores quam suscipit placeat nam. Eos esse at voluptates perspiciatis ut omnis voluptatibus optio. Voluptatum impedit molestiae ea. Velit ut qui eveniet cupiditate.', 3347, 3, 8, '2018-01-12 04:16:02', '2018-01-12 04:16:02'),
(42, 'voluptas', 'Excepturi in dignissimos dolore explicabo debitis est sunt. Aut iste aut atque ut ea quia in veniam.', 4772, 3, 6, '2018-01-12 04:16:02', '2018-01-12 04:16:02'),
(43, 'eum', 'Doloremque optio culpa a veniam. Omnis qui fugit ea iusto modi mollitia. Dignissimos quisquam eos non dolorem sed. Placeat maiores omnis ad quia voluptatem quas aut quis.', 3125, 5, 28, '2018-01-12 04:16:02', '2018-01-12 04:16:02'),
(44, 'voluptas', 'Quas aut officiis dolores vel voluptates aut assumenda. Occaecati ut mollitia blanditiis et voluptatum numquam nulla est. Quia eveniet ut odio et. Id qui atque quia vel.', 5143, 0, 15, '2018-01-12 04:16:02', '2018-01-12 04:16:02'),
(45, 'sunt', 'Esse rerum rerum enim asperiores est. Consequatur nesciunt labore sed et aut cumque. Qui in rem tenetur rerum excepturi molestiae qui.', 3044, 5, 28, '2018-01-12 04:16:02', '2018-01-12 04:16:02'),
(46, 'ratione', 'Rerum dicta blanditiis et qui repellat assumenda dolores. Eos non eum cum id eum qui temporibus. Provident minima dignissimos occaecati dolor doloremque deleniti.', 8531, 3, 11, '2018-01-12 04:16:02', '2018-01-12 04:16:02'),
(47, 'excepturi', 'Quisquam illo blanditiis dolor dolorem sequi aut voluptas sed. Sed quas voluptas officia porro dolore aut. Voluptatum modi facilis commodi rerum nulla sapiente sequi.', 4431, 4, 9, '2018-01-12 04:16:02', '2018-01-12 04:16:02'),
(48, 'consectetur', 'Sapiente est ducimus molestiae odio voluptas. Et autem sint rerum beatae possimus itaque ut. Similique voluptas voluptatem distinctio porro molestiae et. Optio officia suscipit officiis aspernatur iste cumque.', 1212, 0, 17, '2018-01-12 04:16:02', '2018-01-12 04:16:02'),
(49, 'veniam', 'Alias illum praesentium dolorum qui harum. Ducimus corporis necessitatibus expedita perspiciatis dolore eius inventore. Qui quos dicta saepe nemo qui quia.', 8716, 8, 27, '2018-01-12 04:16:02', '2018-01-12 04:16:02'),
(50, 'amet', 'Voluptatem facilis autem labore doloremque culpa occaecati. Voluptas eaque magnam quisquam minima sequi sapiente distinctio. Voluptas quam aut voluptas accusamus dolor in. A beatae odit rerum non ex.', 3943, 6, 29, '2018-01-12 04:16:02', '2018-01-12 04:16:02');

-- --------------------------------------------------------

--
-- Table structure for table `reviews`
--

CREATE TABLE `reviews` (
  `id` int(10) UNSIGNED NOT NULL,
  `product_id` int(10) UNSIGNED NOT NULL,
  `customer` varchar(100) COLLATE utf8mb4_unicode_ci NOT NULL,
  `review` text COLLATE utf8mb4_unicode_ci NOT NULL,
  `star` int(11) NOT NULL,
  `created_at` timestamp NULL DEFAULT NULL,
  `updated_at` timestamp NULL DEFAULT NULL
) ENGINE=InnoDB DEFAULT CHARSET=utf8mb4 COLLATE=utf8mb4_unicode_ci;

--
-- Dumping data for table `reviews`
--

INSERT INTO `reviews` (`id`, `product_id`, `customer`, `review`, `star`, `created_at`, `updated_at`) VALUES
(1, 27, 'nemo', 'Provident eum et culpa architecto. Ut nihil adipisci reiciendis accusantium quo nihil sunt. Commodi vero iste eveniet rerum qui. Ad non quia id veniam vel.', 1, '2018-01-12 04:16:02', '2018-01-12 04:16:02'),
(2, 49, 'hic', 'Quasi facere ratione delectus similique iusto. Mollitia itaque quo quia aliquid iusto quo. Eveniet eos nam libero veritatis voluptatem. Quia nobis error et molestias sunt.', 2, '2018-01-12 04:16:02', '2018-01-12 04:16:02'),
(3, 12, 'sapiente', 'Eum saepe illo qui qui quibusdam aliquid. Vero eveniet omnis error aut temporibus. Cum et aut reiciendis.', 4, '2018-01-12 04:16:02', '2018-01-12 04:16:02'),
(4, 14, 'optio', 'Qui itaque labore autem provident. Sit quos culpa sit est ut. Est omnis non debitis consequuntur quidem nulla.', 3, '2018-01-12 04:16:02', '2018-01-12 04:16:02'),
(5, 17, 'rerum', 'Fuga eum doloribus est sed aut ipsa consequatur. Quibusdam deserunt accusantium unde dolorem. Magnam harum cumque aut animi. Sit quos quia amet quaerat fugiat qui aperiam earum.', 2, '2018-01-12 04:16:02', '2018-01-12 04:16:02'),
(6, 34, 'culpa', 'Aut eveniet veritatis modi tempora. Nulla sunt fugit et ut. Ut rem culpa et qui. Maxime dicta unde excepturi similique rerum. Fuga excepturi incidunt aperiam iste eaque.', 4, '2018-01-12 04:16:02', '2018-01-12 04:16:02'),
(7, 25, 'a', 'Et veritatis quam nihil. Consectetur voluptas provident libero voluptatem sunt. Ut eius quia nihil sit hic sapiente.', 2, '2018-01-12 04:16:02', '2018-01-12 04:16:02'),
(8, 18, 'quam', 'Explicabo ipsum dolores autem pariatur eveniet. Fugiat in praesentium ut est rerum sequi.', 1, '2018-01-12 04:16:02', '2018-01-12 04:16:02'),
(9, 9, 'provident', 'Sequi aut fugit rerum molestias. Omnis perspiciatis ut cumque id. Accusamus nostrum rerum dolores ea id architecto. Quis aut quia reprehenderit aliquid aut aut inventore.', 3, '2018-01-12 04:16:03', '2018-01-12 04:16:03'),
(10, 9, 'libero', 'Temporibus voluptatem animi esse autem ipsa et. Magnam iure veritatis sed earum eveniet et quo. Vel quisquam eveniet ullam necessitatibus qui saepe quos. Repellat repellendus et quo repellendus.', 5, '2018-01-12 04:16:03', '2018-01-12 04:16:03'),
(11, 2, 'id', 'Et iusto earum voluptas sunt atque ut. Suscipit voluptatem ducimus animi distinctio. Et aliquam sed aut magnam minima a ut. Assumenda quia eaque tempora saepe sed possimus.', 0, '2018-01-12 04:16:03', '2018-01-12 04:16:03'),
(12, 8, 'est', 'Voluptatem aut sunt repudiandae. Aliquam hic quo inventore animi corrupti et. Animi unde inventore sequi. Dignissimos ut fugit et sint sequi temporibus quia.', 3, '2018-01-12 04:16:03', '2018-01-12 04:16:03'),
(13, 10, 'non', 'Voluptatibus id quo possimus vero repudiandae et. Autem qui suscipit dolorum adipisci qui ipsum sunt. Nostrum fuga necessitatibus aut minima architecto aut perferendis.', 5, '2018-01-12 04:16:03', '2018-01-12 04:16:03'),
(14, 21, 'et', 'Incidunt qui asperiores aut. Suscipit fugiat eos sed et. Accusamus numquam consequatur voluptas vel libero facilis.', 1, '2018-01-12 04:16:03', '2018-01-12 04:16:03'),
(15, 15, 'dolorem', 'Doloribus recusandae soluta praesentium fugiat temporibus. Quam ut ratione debitis veniam dolorum perferendis consequatur. Maiores sit tempora id quia.', 0, '2018-01-12 04:16:03', '2018-01-12 04:16:03'),
(16, 50, 'distinctio', 'Eligendi doloribus modi voluptatem sit magni possimus sed voluptatibus. Tempora eius optio aut provident. Odit illum quas velit dignissimos impedit. Qui voluptatem aliquam vero nihil aliquid in nemo.', 1, '2018-01-12 04:16:03', '2018-01-12 04:16:03'),
(17, 26, 'exercitationem', 'Libero id maiores labore. Consectetur maxime quam harum. Deserunt non dolorum quibusdam aliquid illo unde culpa in. Voluptas nihil fugit et praesentium.', 0, '2018-01-12 04:16:03', '2018-01-12 04:16:03'),
(18, 30, 'ullam', 'Dolores amet non sit omnis omnis. Omnis temporibus dolore accusantium sit dicta.', 2, '2018-01-12 04:16:03', '2018-01-12 04:16:03'),
(19, 6, 'fuga', 'Et ut error et praesentium. Architecto sapiente corporis occaecati. Nihil est velit aut sint cum. Iste libero rerum maiores facilis nam. Optio laboriosam iste aut saepe.', 2, '2018-01-12 04:16:03', '2018-01-12 04:16:03'),
(20, 10, 'fuga', 'Incidunt rerum aut est ut porro et. Voluptas veniam ex sed. Vero dolorum iste temporibus architecto placeat saepe.', 0, '2018-01-12 04:16:03', '2018-01-12 04:16:03'),
(21, 19, 'quaerat', 'Dolorem tenetur accusamus libero sapiente ut. Aliquid voluptas dolorem aut voluptas sunt. Rerum voluptate adipisci accusamus doloribus. Aut repellat sequi exercitationem quam molestiae iusto.', 2, '2018-01-12 04:16:03', '2018-01-12 04:16:03'),
(22, 13, 'eos', 'Voluptas in quia aut in est molestias. Eos quo dolores sint facilis sapiente dolores voluptatibus. Quae autem quidem aut laborum praesentium. Inventore quam qui sed a consequuntur natus.', 3, '2018-01-12 04:16:03', '2018-01-12 04:16:03'),
(23, 26, 'illo', 'Pariatur ducimus et et laboriosam expedita velit. Voluptas hic eos placeat similique cupiditate. Labore aut natus beatae enim sit qui quod molestias.', 1, '2018-01-12 04:16:03', '2018-01-12 04:16:03'),
(24, 27, 'qui', 'Fugit sapiente culpa modi tenetur aut dolor dolor est. Necessitatibus quisquam ipsa impedit impedit quisquam sed qui accusantium. Nesciunt atque omnis libero laboriosam eum.', 4, '2018-01-12 04:16:03', '2018-01-12 04:16:03'),
(25, 34, 'velit', 'Voluptas autem corporis aspernatur cum sit nobis. Sit nulla et optio sed fuga praesentium architecto. Atque sit reprehenderit incidunt quod.', 0, '2018-01-12 04:16:03', '2018-01-12 04:16:03'),
(26, 9, 'soluta', 'Quia et beatae qui quo possimus perferendis harum. Placeat quia dolore reprehenderit. Sequi dolores rerum molestiae ipsa ea.', 2, '2018-01-12 04:16:03', '2018-01-12 04:16:03'),
(27, 43, 'sunt', 'Saepe explicabo non quia ut et laudantium. Qui vero molestiae minima eveniet excepturi. Omnis velit tenetur aliquid molestiae.', 4, '2018-01-12 04:16:03', '2018-01-12 04:16:03'),
(28, 35, 'est', 'Maxime et ut repudiandae optio tempora ex maiores. Velit architecto rerum accusantium esse esse hic. Quae tempore quo enim placeat saepe. Voluptas illum maxime unde tempore.', 5, '2018-01-12 04:16:03', '2018-01-12 04:16:03'),
(29, 31, 'blanditiis', 'Earum sunt quia sint ipsam neque est. Facere quo enim et. Aut ut aliquid consequatur dolorum.', 4, '2018-01-12 04:16:03', '2018-01-12 04:16:03'),
(30, 20, 'officiis', 'Earum qui ullam quas tempore qui. Aut exercitationem et sed expedita exercitationem expedita. Sapiente officiis quasi rerum consequatur voluptas.', 5, '2018-01-12 04:16:03', '2018-01-12 04:16:03'),
(31, 20, 'soluta', 'Et aut accusantium exercitationem ratione est. Eveniet deleniti necessitatibus voluptatem sit labore ipsum eius voluptatibus. Quo quibusdam iste quasi occaecati. Expedita sit laborum odit.', 5, '2018-01-12 04:16:03', '2018-01-12 04:16:03'),
(32, 35, 'dolorem', 'Minus laboriosam sit consequatur et consequuntur. Non vel et recusandae nihil cupiditate minima. Esse iure qui quibusdam temporibus harum aut.', 5, '2018-01-12 04:16:03', '2018-01-12 04:16:03'),
(33, 20, 'placeat', 'Qui veniam sint excepturi quo et. Quia qui deleniti suscipit delectus ad qui atque autem. Voluptatem in consequatur quibusdam at sit aut cupiditate.', 4, '2018-01-12 04:16:03', '2018-01-12 04:16:03'),
(34, 2, 'cumque', 'Delectus deserunt pariatur doloribus consequatur cupiditate. Neque occaecati enim quis ullam. Blanditiis sit voluptate quas. Omnis expedita ut ut vel.', 2, '2018-01-12 04:16:03', '2018-01-12 04:16:03'),
(35, 13, 'similique', 'Dolorum est dolor nesciunt non at ut. Maiores ullam qui necessitatibus omnis aperiam possimus et. Aut dignissimos rerum in. Similique quae quia autem et.', 2, '2018-01-12 04:16:03', '2018-01-12 04:16:03'),
(36, 39, 'saepe', 'Esse explicabo sunt nihil qui ut magni. Nihil excepturi est voluptatem mollitia quae sint vitae. At officia sit dolores maxime.', 0, '2018-01-12 04:16:03', '2018-01-12 04:16:03'),
(37, 40, 'non', 'Odio quia sequi illum optio. Sed sed quas possimus perferendis illum sit. Ut quaerat repellendus id ut. Enim corporis aut explicabo neque accusamus inventore labore.', 4, '2018-01-12 04:16:03', '2018-01-12 04:16:03'),
(38, 4, 'accusantium', 'Dolorem cum dolores tempore reprehenderit. Iste error non deserunt necessitatibus dolores eveniet. Rerum consequatur eius quia iure et cum. Assumenda debitis nemo reiciendis quis sunt qui dolorem.', 1, '2018-01-12 04:16:03', '2018-01-12 04:16:03'),
(39, 50, 'nihil', 'Inventore sed alias quia praesentium laudantium. Atque ducimus modi iste omnis non ratione. Ad sequi molestiae et eos qui illum.', 4, '2018-01-12 04:16:03', '2018-01-12 04:16:03'),
(40, 42, 'pariatur', 'Quod velit eum facilis nihil optio excepturi. Consectetur quidem beatae eveniet harum quibusdam nesciunt soluta. Officiis eos dolorum dolore quia est.', 2, '2018-01-12 04:16:03', '2018-01-12 04:16:03'),
(41, 3, 'beatae', 'Aut sit aut quas impedit impedit nostrum maiores. Quia aliquam voluptatibus consequatur sed. Ipsum vel magnam et.', 2, '2018-01-12 04:16:03', '2018-01-12 04:16:03'),
(42, 44, 'quia', 'Harum voluptas consectetur cum ullam. Rerum quo eos labore culpa. Dolorem qui et molestiae ab quibusdam mollitia. Id atque perferendis enim qui nihil.', 5, '2018-01-12 04:16:03', '2018-01-12 04:16:03'),
(43, 9, 'error', 'Cupiditate amet ipsa eum sed aliquid molestiae at. Qui placeat tempora voluptate odio odit. Quaerat occaecati rem quaerat eaque.', 0, '2018-01-12 04:16:03', '2018-01-12 04:16:03'),
(44, 50, 'saepe', 'Id voluptatibus omnis magni ea enim. Doloremque ut recusandae totam totam quia blanditiis. Debitis quisquam dolores molestiae. Fugiat itaque fugit magnam earum blanditiis eum.', 1, '2018-01-12 04:16:03', '2018-01-12 04:16:03'),
(45, 50, 'autem', 'Assumenda soluta magni nulla voluptatum cumque. Repellat voluptatem maiores quis itaque. Aperiam ullam velit totam et eligendi maxime provident.', 4, '2018-01-12 04:16:03', '2018-01-12 04:16:03'),
(46, 10, 'nihil', 'Rem dolor reprehenderit ducimus. Dolorem veniam nostrum et illum at. Sit est dolor assumenda eum voluptatem est dolorum.', 0, '2018-01-12 04:16:03', '2018-01-12 04:16:03'),
(47, 7, 'quam', 'Officia iure reiciendis provident vitae. Ad quisquam voluptate magni est aliquid qui ut. Et aliquam nihil explicabo aut. Excepturi in omnis accusantium reprehenderit possimus molestias.', 4, '2018-01-12 04:16:03', '2018-01-12 04:16:03'),
(48, 33, 'esse', 'Neque ut est odio. Et occaecati et assumenda minima ea vitae. Dolore accusantium excepturi sint ab laboriosam possimus. Error dolorum id est.', 0, '2018-01-12 04:16:04', '2018-01-12 04:16:04'),
(49, 16, 'et', 'Enim qui numquam est possimus. Ipsa tempora eaque quis autem laudantium. Voluptatem iure omnis qui in dolorum est soluta. Rerum expedita praesentium sit minima. Sint ut incidunt cumque ullam.', 2, '2018-01-12 04:16:04', '2018-01-12 04:16:04'),
(50, 38, 'ad', 'Ipsum et voluptatum quos non. Perspiciatis ut fuga eum quia veniam veritatis eum. Neque amet enim quidem quae.', 0, '2018-01-12 04:16:04', '2018-01-12 04:16:04'),
(51, 2, 'corrupti', 'Debitis aut ut porro et vel id excepturi. Qui sunt quo aspernatur eum eos dolores.', 0, '2018-01-12 04:16:04', '2018-01-12 04:16:04'),
(52, 48, 'eos', 'Pariatur perspiciatis in commodi a quos. Veritatis mollitia non temporibus consequuntur facere. Magni blanditiis quia ut. Est et culpa nesciunt quis est delectus est dolor.', 3, '2018-01-12 04:16:04', '2018-01-12 04:16:04'),
(53, 40, 'incidunt', 'Ratione aut natus corporis sed doloremque magni iusto. Illum rem minus fuga cumque et rerum iure. Est animi autem assumenda corporis fugiat necessitatibus.', 1, '2018-01-12 04:16:04', '2018-01-12 04:16:04'),
(54, 19, 'nobis', 'Quia voluptatem facilis velit est eum sed esse. Velit deleniti omnis ipsam sed voluptatem. Nam modi nihil nam sit ullam.', 4, '2018-01-12 04:16:04', '2018-01-12 04:16:04'),
(55, 45, 'deserunt', 'Ut iste minus aliquid et voluptatibus. Voluptatem et facilis enim enim. Expedita qui reiciendis explicabo repellat ut in dignissimos rerum.', 1, '2018-01-12 04:16:04', '2018-01-12 04:16:04'),
(56, 24, 'voluptates', 'Molestias sed aliquam assumenda earum reprehenderit vero et consequuntur. Consequatur rem iure illum voluptatem sit. Mollitia culpa culpa mollitia ut quasi.', 3, '2018-01-12 04:16:04', '2018-01-12 04:16:04'),
(57, 50, 'rerum', 'Quo neque maxime odit maxime perferendis. Quo iste qui consequuntur odio. Praesentium dolorem iste consequatur blanditiis iusto. Dolores aperiam tempore ut tempore.', 2, '2018-01-12 04:16:04', '2018-01-12 04:16:04'),
(58, 21, 'perferendis', 'Beatae magnam doloribus molestiae nihil perspiciatis. Dignissimos aut debitis in maiores. Sed debitis modi est architecto voluptates architecto dolores.', 1, '2018-01-12 04:16:04', '2018-01-12 04:16:04'),
(59, 15, 'voluptas', 'Quia cum quasi fugiat et. Eveniet quibusdam sapiente est ab laboriosam.', 2, '2018-01-12 04:16:04', '2018-01-12 04:16:04'),
(60, 10, 'qui', 'Unde ratione aliquam necessitatibus accusamus officiis. Suscipit perferendis qui laborum cupiditate quasi aut. Dolores ea non aut et fugiat illum.', 2, '2018-01-12 04:16:04', '2018-01-12 04:16:04'),
(61, 10, 'facilis', 'Debitis tempora culpa recusandae voluptates hic amet magni. Possimus commodi libero est aut. Consequatur voluptatem soluta commodi corporis accusamus cupiditate.', 3, '2018-01-12 04:16:04', '2018-01-12 04:16:04'),
(62, 10, 'repudiandae', 'Accusantium est nulla harum laboriosam a harum quo. Repudiandae tempore dolorum provident eius numquam velit vel. Non voluptas necessitatibus ex.', 0, '2018-01-12 04:16:04', '2018-01-12 04:16:04'),
(63, 25, 'voluptatibus', 'Omnis atque recusandae eos quo reprehenderit. Architecto accusantium ipsam consequatur ipsa qui. Omnis expedita iusto dolores. Doloremque porro assumenda perspiciatis et dolor corporis.', 5, '2018-01-12 04:16:04', '2018-01-12 04:16:04'),
(64, 3, 'ut', 'Qui qui consequatur rerum ipsam et et architecto. Hic ut beatae reiciendis dolor. Dolore quia qui omnis fuga quia.', 4, '2018-01-12 04:16:04', '2018-01-12 04:16:04'),
(65, 21, 'nam', 'Sequi maiores est saepe voluptatem perspiciatis. Et omnis iusto natus velit. Tempore est saepe autem adipisci. Et amet quaerat ullam perspiciatis aspernatur autem consequatur.', 3, '2018-01-12 04:16:04', '2018-01-12 04:16:04'),
(66, 24, 'eum', 'Saepe quia id at illo neque sequi et. Sapiente architecto ut quisquam modi enim. Voluptates earum architecto at aliquam deleniti minus. Iste est commodi velit.', 4, '2018-01-12 04:16:04', '2018-01-12 04:16:04'),
(67, 44, 'voluptatem', 'Maiores voluptas veritatis reiciendis modi. Est dolorem qui error nemo similique sit. Esse ut repudiandae perspiciatis molestiae. Ut enim odio laborum sit eum enim.', 1, '2018-01-12 04:16:04', '2018-01-12 04:16:04'),
(68, 16, 'ut', 'Voluptatem accusamus ab est et. Repudiandae ipsam qui et ut voluptatem. Eum alias animi facilis voluptas. Quas beatae ex consequatur repellendus.', 1, '2018-01-12 04:16:04', '2018-01-12 04:16:04'),
(69, 15, 'doloribus', 'Ut officia sunt consequatur distinctio quod natus. Corporis similique iure et incidunt cupiditate et vero. Quo tempora illo dolores hic.', 4, '2018-01-12 04:16:04', '2018-01-12 04:16:04'),
(70, 14, 'voluptate', 'Ipsum ad laborum ipsum dolor voluptates. Omnis fugiat qui voluptatem qui velit rem beatae.', 5, '2018-01-12 04:16:04', '2018-01-12 04:16:04'),
(71, 27, 'ullam', 'Beatae omnis corrupti voluptate voluptas iure dolor blanditiis. Eligendi odio tempore cupiditate. Aspernatur id eveniet porro dolorum odit reiciendis quasi.', 2, '2018-01-12 04:16:04', '2018-01-12 04:16:04'),
(72, 25, 'expedita', 'In ut at eveniet iure. Aut eos fugit reiciendis omnis. Voluptatem eveniet perspiciatis autem sint incidunt.', 4, '2018-01-12 04:16:04', '2018-01-12 04:16:04'),
(73, 15, 'inventore', 'Atque soluta omnis in error est voluptatem. Mollitia non et aut quia. Voluptas velit impedit est ut quia dicta.', 3, '2018-01-12 04:16:04', '2018-01-12 04:16:04'),
(74, 50, 'autem', 'Et aliquam ea voluptatem delectus corporis. Ab quasi et possimus asperiores qui cupiditate. Aut ut quia voluptas eos. Ducimus placeat eum ullam odit quis voluptatem veniam.', 2, '2018-01-12 04:16:04', '2018-01-12 04:16:04'),
(75, 41, 'porro', 'Sint et eum aut vero. Quod eos dolorem odit consequatur qui.', 5, '2018-01-12 04:16:04', '2018-01-12 04:16:04'),
(76, 18, 'tempora', 'Inventore voluptas ea aut eos nam voluptatem. Dignissimos similique corporis id aspernatur quas. Ut rerum et sapiente debitis pariatur fugiat corrupti.', 0, '2018-01-12 04:16:04', '2018-01-12 04:16:04'),
(77, 2, 'aut', 'Nobis eum quis quasi voluptatum. Sequi quia consequatur dolor tempora tempore iusto.', 3, '2018-01-12 04:16:04', '2018-01-12 04:16:04'),
(78, 8, 'deserunt', 'Odio ut alias ut ipsam. Iure dolor eum nostrum dicta harum veniam et. Veritatis vero eaque aspernatur laudantium.', 5, '2018-01-12 04:16:04', '2018-01-12 04:16:04'),
(79, 29, 'sed', 'Qui repudiandae voluptatibus est animi ipsam. Saepe fugiat sunt qui ut illum et amet. Omnis eum aut maiores aut omnis et similique.', 1, '2018-01-12 04:16:04', '2018-01-12 04:16:04'),
(80, 46, 'amet', 'Aut omnis non temporibus est non earum. Voluptatum magnam eum rerum quisquam ab est. Officia est nemo perspiciatis omnis illum.', 5, '2018-01-12 04:16:04', '2018-01-12 04:16:04'),
(81, 33, 'illo', 'Perferendis quidem sed totam totam quaerat amet. Vel ratione non sint quia. Esse architecto est autem excepturi. Iure sed veritatis impedit illum.', 4, '2018-01-12 04:16:04', '2018-01-12 04:16:04'),
(82, 42, 'quae', 'Et eos aliquam dolores non quae voluptatem. Iusto vel ad qui velit qui dicta sunt veniam. Optio eaque eius omnis. Beatae nemo odio numquam et error sunt.', 5, '2018-01-12 04:16:04', '2018-01-12 04:16:04'),
(83, 21, 'eum', 'Facilis ab omnis eius molestiae. Ipsam exercitationem dolore et fugit mollitia velit. Vero quia commodi similique quia id sint. Accusantium dolor deserunt enim.', 4, '2018-01-12 04:16:05', '2018-01-12 04:16:05'),
(84, 3, 'officiis', 'Soluta excepturi minima minima. Voluptas et numquam laborum ut deleniti. Quaerat sequi tempore aliquam ex ullam sunt.', 3, '2018-01-12 04:16:05', '2018-01-12 04:16:05'),
(85, 5, 'iure', 'Maxime ea tenetur fugit. Ea voluptas magnam voluptatem ipsam eos aut. Quam magni magni eum repudiandae est est.', 2, '2018-01-12 04:16:05', '2018-01-12 04:16:05'),
(86, 2, 'nesciunt', 'Id voluptatibus accusantium recusandae dolores maiores. Possimus quidem accusamus aliquid nobis. Quas similique praesentium iure voluptas architecto sint. Dicta voluptas quam alias aspernatur ut.', 2, '2018-01-12 04:16:05', '2018-01-12 04:16:05'),
(87, 29, 'soluta', 'Nihil voluptatum repudiandae expedita. Sit numquam omnis illum dolor. Deserunt nostrum est officia labore quibusdam. Adipisci maxime impedit ad eaque quia voluptatibus aut.', 5, '2018-01-12 04:16:05', '2018-01-12 04:16:05'),
(88, 46, 'deleniti', 'Cumque nulla pariatur alias quo. Odio quo officiis reprehenderit libero. Voluptas dolor laboriosam distinctio corporis.', 3, '2018-01-12 04:16:05', '2018-01-12 04:16:05'),
(89, 49, 'iure', 'Ex vero omnis ut consectetur rerum qui. Explicabo sequi consequuntur vel provident nulla. Dolorem est animi ad sed qui sed dolorum nihil.', 1, '2018-01-12 04:16:05', '2018-01-12 04:16:05'),
(90, 10, 'sapiente', 'Non nobis perferendis quis officia deleniti. Quia neque unde officiis assumenda ut facilis. Dicta omnis delectus at quia. Non quis doloribus nam odio.', 0, '2018-01-12 04:16:05', '2018-01-12 04:16:05'),
(91, 47, 'ipsum', 'Eum est dolorem cupiditate non non nihil iusto. Illum velit sed quas dolore vel. At assumenda exercitationem eum earum omnis doloribus.', 2, '2018-01-12 04:16:05', '2018-01-12 04:16:05'),
(92, 12, 'repellendus', 'Voluptas et non non eius. Ut omnis cumque impedit iure asperiores. Et reiciendis nesciunt ipsum quidem consequatur. Voluptatem qui hic laboriosam perspiciatis ut.', 0, '2018-01-12 04:16:05', '2018-01-12 04:16:05'),
(93, 18, 'eaque', 'Iure vel enim neque quidem porro adipisci. Veritatis consequatur quibusdam rem est quis eius inventore. In ut cumque autem ea. Eos sapiente mollitia cupiditate aperiam hic quis enim.', 0, '2018-01-12 04:16:05', '2018-01-12 04:16:05'),
(94, 37, 'quas', 'Atque quaerat quos enim perspiciatis. Dolores est cumque quia. Est autem est alias quibusdam suscipit at quaerat.', 3, '2018-01-12 04:16:05', '2018-01-12 04:16:05'),
(95, 35, 'et', 'Nisi et non dolorem. Molestiae non sit quaerat atque et et. Sint necessitatibus repellendus non optio facilis. Iste quibusdam ut cum quibusdam.', 1, '2018-01-12 04:16:05', '2018-01-12 04:16:05'),
(96, 27, 'et', 'Quibusdam ipsum quisquam est. Est recusandae quam quas sint iure eos nobis. Doloribus commodi voluptatem autem harum eos. Et qui et ut earum. Ut necessitatibus tempora architecto sapiente ratione.', 2, '2018-01-12 04:16:05', '2018-01-12 04:16:05'),
(97, 19, 'sapiente', 'Sequi laborum ut ab minus quae quis. Quos nisi velit quae fugit ut.', 2, '2018-01-12 04:16:05', '2018-01-12 04:16:05'),
(98, 10, 'odio', 'Qui similique omnis omnis optio perspiciatis et. Ullam nemo ut possimus aliquid at commodi. Enim est eius voluptatum iure.', 4, '2018-01-12 04:16:05', '2018-01-12 04:16:05'),
(99, 2, 'fuga', 'Ad quae rerum quasi architecto quo suscipit et. Qui accusamus rerum molestias sed rerum. Dolores quo doloribus nesciunt consequatur omnis quis.', 1, '2018-01-12 04:16:05', '2018-01-12 04:16:05'),
(100, 18, 'magnam', 'Magni ut quia ab debitis natus eius. Odio quia sunt dolorem et. Perferendis aut earum veritatis vel officia occaecati. Ut beatae consequatur voluptas et corporis.', 4, '2018-01-12 04:16:05', '2018-01-12 04:16:05'),
(101, 28, 'qui', 'Qui ut numquam impedit. Qui aspernatur at omnis minima expedita voluptatum neque. Nihil ipsa aliquam blanditiis.', 0, '2018-01-12 04:16:05', '2018-01-12 04:16:05'),
(102, 37, 'sit', 'Mollitia qui iste nisi officia qui nam aut. Modi occaecati dolor dolorem consequuntur facilis. Iste provident architecto voluptate deleniti. Similique dolores a repudiandae similique.', 4, '2018-01-12 04:16:05', '2018-01-12 04:16:05'),
(103, 17, 'omnis', 'Repellat excepturi unde molestiae. Voluptatem occaecati beatae illo. Fuga maiores voluptate corporis error quia ipsam ea.', 0, '2018-01-12 04:16:05', '2018-01-12 04:16:05'),
(104, 35, 'amet', 'Aperiam enim et enim ea quia. Ea sunt expedita animi soluta assumenda quidem occaecati aperiam. Deserunt quis corporis ut. Consequatur quis et expedita.', 4, '2018-01-12 04:16:05', '2018-01-12 04:16:05'),
(105, 20, 'quibusdam', 'Voluptatem accusantium distinctio qui facere. Nihil quia deleniti et itaque voluptate eaque. Et aspernatur praesentium iusto recusandae sed ducimus possimus.', 2, '2018-01-12 04:16:05', '2018-01-12 04:16:05'),
(106, 40, 'eos', 'Ut totam laborum et officiis delectus omnis consequatur. Soluta animi ea libero sed. Ut modi ab quasi deserunt doloremque necessitatibus et.', 5, '2018-01-12 04:16:05', '2018-01-12 04:16:05'),
(107, 36, 'maiores', 'Autem distinctio rerum et sequi sunt nobis qui repellat. Dolor maxime est alias aut. Consequatur suscipit veritatis excepturi aut id magni. Repudiandae dolores magni autem ut.', 4, '2018-01-12 04:16:05', '2018-01-12 04:16:05'),
(108, 47, 'iure', 'Harum eius vel exercitationem illo omnis quia optio. Ut modi recusandae veniam et sunt. Inventore natus aut dignissimos quam.', 1, '2018-01-12 04:16:05', '2018-01-12 04:16:05'),
(109, 21, 'esse', 'Adipisci dignissimos culpa et non necessitatibus. Quo nihil ut velit et. Molestiae soluta magnam eaque est maxime. Commodi doloribus reprehenderit accusantium nam et.', 5, '2018-01-12 04:16:05', '2018-01-12 04:16:05'),
(110, 36, 'sequi', 'Consequuntur temporibus libero veritatis quo. Ab ea molestiae labore voluptatem. Ducimus maxime inventore non non. Dolor deleniti nemo esse ullam non.', 4, '2018-01-12 04:16:05', '2018-01-12 04:16:05'),
(111, 1, 'voluptatem', 'Voluptatem veniam consequuntur quaerat molestiae. Aperiam quis dicta necessitatibus consequatur debitis exercitationem ullam. Beatae nisi non quaerat laboriosam. Id magnam aliquid quasi aut.', 3, '2018-01-12 04:16:05', '2018-01-12 04:16:05'),
(112, 14, 'voluptatem', 'Illo numquam reiciendis neque ut culpa illo quibusdam et. Distinctio est molestiae aut labore qui quis. Est voluptatum cum repellat excepturi.', 0, '2018-01-12 04:16:05', '2018-01-12 04:16:05'),
(113, 42, 'consequuntur', 'Repellendus sed quod quidem. Tempora harum sit in molestiae aspernatur. Veniam quia rerum voluptates tenetur similique.', 1, '2018-01-12 04:16:05', '2018-01-12 04:16:05'),
(114, 50, 'et', 'Consequatur qui ipsa culpa aut sunt. Quod explicabo itaque sequi. Quia perferendis dolorem sunt deserunt sunt. Est harum temporibus eius dolores porro.', 1, '2018-01-12 04:16:05', '2018-01-12 04:16:05'),
(115, 29, 'molestias', 'Saepe quis rem exercitationem enim voluptatem dicta. Nihil necessitatibus saepe accusantium laudantium blanditiis repellendus voluptatem. Rerum illum explicabo est quos et.', 5, '2018-01-12 04:16:05', '2018-01-12 04:16:05'),
(116, 18, 'velit', 'Nemo aliquam veritatis qui eius velit repellat nulla. Mollitia ut odio officiis omnis. Porro nesciunt vel quas ducimus.', 3, '2018-01-12 04:16:05', '2018-01-12 04:16:05'),
(117, 3, 'quis', 'Aut quo repellendus quibusdam eius facilis consectetur maxime. Dignissimos officiis error esse dicta rerum maxime.', 0, '2018-01-12 04:16:05', '2018-01-12 04:16:05'),
(118, 13, 'beatae', 'Rem eos error fugiat minus hic nisi amet explicabo. Vel qui consequatur inventore et aut. Ducimus unde ad harum sed. Architecto sed consequatur magnam.', 4, '2018-01-12 04:16:05', '2018-01-12 04:16:05'),
(119, 3, 'quis', 'In architecto quae non ullam. Eius nemo ipsam sed cupiditate quas. Odio velit consequatur nam ipsam est suscipit doloribus. Libero culpa repudiandae officia.', 4, '2018-01-12 04:16:05', '2018-01-12 04:16:05'),
(120, 4, 'quae', 'Quidem quidem vero possimus et ut distinctio exercitationem enim. Aliquam autem laudantium dolor odit quis dolore. Corrupti qui sunt enim doloribus. Ab non ipsam aut voluptatem beatae et tenetur.', 0, '2018-01-12 04:16:05', '2018-01-12 04:16:05'),
(121, 7, 'sit', 'Maiores error et molestiae dolore iusto qui voluptatibus. Quia atque fugiat nesciunt quia. Quod molestiae non qui officia cum quia a perferendis.', 5, '2018-01-12 04:16:05', '2018-01-12 04:16:05'),
(122, 5, 'cumque', 'Saepe nihil est voluptates mollitia eligendi corrupti. Ipsam et quaerat accusantium accusamus sapiente sed. Asperiores dolorum repellendus eum id.', 3, '2018-01-12 04:16:06', '2018-01-12 04:16:06'),
(123, 50, 'ratione', 'Eum nostrum debitis et doloremque cum ut libero. Quaerat est ut quod at. Veniam corrupti nostrum excepturi id a. Molestiae mollitia quis sed odio.', 3, '2018-01-12 04:16:06', '2018-01-12 04:16:06'),
(124, 19, 'qui', 'Ex omnis excepturi harum quisquam rem. Illum saepe quia blanditiis et qui. Sed voluptas perspiciatis consequatur amet quibusdam eligendi.', 4, '2018-01-12 04:16:06', '2018-01-12 04:16:06'),
(125, 6, 'sapiente', 'Sunt porro et quo beatae architecto dolor. Dolor aut dolorem autem nihil non est et. Est distinctio quas vitae quia eaque quod.', 1, '2018-01-12 04:16:06', '2018-01-12 04:16:06'),
(126, 33, 'repellendus', 'Ducimus eum et officiis qui fuga blanditiis. Voluptatem veniam voluptatem repellat omnis optio aut. Dolore aut veniam ab quis tenetur numquam. Quis eos exercitationem sit adipisci et.', 0, '2018-01-12 04:16:06', '2018-01-12 04:16:06'),
(127, 43, 'eaque', 'Dolorum alias rerum rerum omnis. Eos ab sed eveniet doloribus libero aut. Rerum accusantium non perspiciatis blanditiis fuga sapiente dolorum. Distinctio qui atque ipsa autem distinctio.', 5, '2018-01-12 04:16:06', '2018-01-12 04:16:06'),
(128, 4, 'temporibus', 'Nemo voluptatum animi ut magnam. Accusantium quis vero praesentium aut at in. Est nihil veritatis architecto minus fugit reiciendis. Excepturi modi debitis ad soluta fugiat ut.', 5, '2018-01-12 04:16:06', '2018-01-12 04:16:06'),
(129, 17, 'saepe', 'Et iusto perspiciatis incidunt atque sint nisi necessitatibus. Natus molestiae recusandae quia perferendis placeat natus ratione. Velit et dolores maiores voluptas dolor esse error.', 0, '2018-01-12 04:16:06', '2018-01-12 04:16:06'),
(130, 3, 'necessitatibus', 'Quisquam eveniet quisquam modi rerum quod. Cupiditate non consectetur laboriosam. Esse enim iure et. Adipisci minima aut ipsum magnam earum modi.', 1, '2018-01-12 04:16:06', '2018-01-12 04:16:06'),
(131, 11, 'ut', 'Ut quaerat ut deserunt eos consectetur vero quasi enim. Ullam accusantium esse non ut eum et. Omnis rerum fugiat quo deserunt.', 0, '2018-01-12 04:16:06', '2018-01-12 04:16:06'),
(132, 48, 'sint', 'Blanditiis eos nemo dicta et. Laboriosam aut in molestiae. Accusantium rem aut repellendus.', 2, '2018-01-12 04:16:06', '2018-01-12 04:16:06'),
(133, 23, 'sed', 'Sit dignissimos doloremque eos voluptas quae repudiandae doloremque. Necessitatibus est asperiores dicta recusandae dolores. Et illum tempore et voluptas. Quam officia earum qui voluptatem earum.', 0, '2018-01-12 04:16:06', '2018-01-12 04:16:06'),
(134, 31, 'non', 'Reiciendis aliquam commodi aut quis voluptatum dolores. Ipsum id qui dolor accusantium numquam alias. Enim facilis vitae est.', 5, '2018-01-12 04:16:06', '2018-01-12 04:16:06'),
(135, 18, 'mollitia', 'Soluta adipisci aut et sint. Ut et enim eos a reprehenderit quia tempora. Repellendus nemo omnis quidem ipsa nam impedit quo. Est ut et ad ea laudantium quaerat molestias animi.', 5, '2018-01-12 04:16:06', '2018-01-12 04:16:06'),
(136, 40, 'animi', 'Est iusto aperiam quidem recusandae explicabo expedita id. Blanditiis ad porro qui aspernatur est vel vel nam. Ratione deserunt numquam ut dolorem.', 2, '2018-01-12 04:16:06', '2018-01-12 04:16:06'),
(137, 28, 'animi', 'Voluptatem qui est molestiae consectetur dicta. Aliquam earum aut deleniti minima. Tempore quasi laborum qui dolorem non. Non voluptate aut odit molestiae eum sit.', 0, '2018-01-12 04:16:06', '2018-01-12 04:16:06'),
(138, 33, 'quia', 'Ea debitis tempora id officiis reprehenderit error est. Harum fugit veritatis veritatis. Fugiat modi voluptatem et sed. Aspernatur fuga aut voluptas tenetur quibusdam.', 3, '2018-01-12 04:16:06', '2018-01-12 04:16:06'),
(139, 24, 'impedit', 'Suscipit aut ea voluptate quia aspernatur. Ut eos sint adipisci cumque aspernatur. Id non vitae sit sed.', 0, '2018-01-12 04:16:06', '2018-01-12 04:16:06'),
(140, 30, 'quo', 'Perferendis non rerum reiciendis. Id ipsa ut est eligendi. Non sit debitis dolorem quaerat autem ipsa officia.', 1, '2018-01-12 04:16:06', '2018-01-12 04:16:06'),
(141, 25, 'est', 'Et consequatur reprehenderit alias doloremque autem esse veritatis. Impedit officia perferendis est nostrum saepe qui eos. Aut aliquam totam voluptas autem optio. Sed est magnam vel hic qui.', 2, '2018-01-12 04:16:06', '2018-01-12 04:16:06'),
(142, 42, 'magni', 'Dolorem ut consequatur et alias aut. Id mollitia quos dolor libero eveniet reprehenderit. Quisquam vitae corrupti qui suscipit sint illo. Quas magnam aut veniam ut et officia voluptate.', 5, '2018-01-12 04:16:06', '2018-01-12 04:16:06'),
(143, 29, 'et', 'Vel amet delectus est dolor quaerat. Quas et earum commodi et laborum. Et corporis quam molestias vel vel.', 2, '2018-01-12 04:16:06', '2018-01-12 04:16:06'),
(144, 9, 'dicta', 'Reiciendis in molestias doloremque molestias explicabo. Eaque inventore rerum a tempora quia qui accusantium. Et sint quidem cum dolor itaque et ullam.', 3, '2018-01-12 04:16:06', '2018-01-12 04:16:06'),
(145, 26, 'mollitia', 'Accusantium rerum ut in reiciendis veniam minus consequatur ex. Voluptatem fugiat non sint aliquam. Perspiciatis soluta et reiciendis exercitationem esse.', 1, '2018-01-12 04:16:06', '2018-01-12 04:16:06'),
(146, 16, 'ipsam', 'In officia fugiat dignissimos eaque sit. Possimus quia ab numquam laboriosam saepe. Dolore delectus voluptatem fugit atque eum.', 0, '2018-01-12 04:16:06', '2018-01-12 04:16:06'),
(147, 34, 'eos', 'Sint quo voluptatem ipsum ut in. Iste laudantium sunt unde. Corporis expedita facere doloremque non atque odio perferendis.', 3, '2018-01-12 04:16:06', '2018-01-12 04:16:06'),
(148, 38, 'a', 'Voluptas voluptatem cum rerum optio nisi voluptatem. Velit dolorum sed consectetur non sunt eos vel dolorem. Qui ipsam labore vel qui ut modi.', 0, '2018-01-12 04:16:06', '2018-01-12 04:16:06'),
(149, 6, 'at', 'Sequi dignissimos ipsa sed nihil et reprehenderit. Doloribus officia minus quasi et. Iusto quo excepturi incidunt omnis enim.', 1, '2018-01-12 04:16:06', '2018-01-12 04:16:06'),
(150, 29, 'mollitia', 'Illum sed quasi temporibus corrupti. Quam earum expedita laborum modi eum quis qui. Dicta qui alias eaque eos quisquam fugit.', 3, '2018-01-12 04:16:06', '2018-01-12 04:16:06'),
(151, 32, 'soluta', 'Mollitia dolorum reprehenderit id ut quod in. Repudiandae saepe repellat quis amet non. Error ut hic qui et. Culpa ratione qui quisquam sed et nostrum.', 2, '2018-01-12 04:16:06', '2018-01-12 04:16:06'),
(152, 10, 'excepturi', 'Quod magni qui sequi omnis est provident quia. Voluptas maxime non dicta sint. Voluptatem voluptatibus quidem quaerat sequi aut voluptatem.', 0, '2018-01-12 04:16:06', '2018-01-12 04:16:06'),
(153, 30, 'necessitatibus', 'Maiores autem distinctio aut sed doloremque. Atque ad nulla vel eos vitae magni. Consequatur reprehenderit vel repudiandae vitae quam.', 2, '2018-01-12 04:16:06', '2018-01-12 04:16:06'),
(154, 20, 'nesciunt', 'Id iusto esse quasi rem doloremque qui numquam. Sint est libero in unde a occaecati. Itaque officia sint et qui excepturi facere sunt sed.', 1, '2018-01-12 04:16:06', '2018-01-12 04:16:06'),
(155, 45, 'hic', 'Voluptatem voluptatem nihil tempora sed laboriosam et ut. Velit beatae reprehenderit exercitationem molestiae. Delectus quod dolorem possimus modi.', 1, '2018-01-12 04:16:06', '2018-01-12 04:16:06'),
(156, 47, 'enim', 'Animi recusandae eius nisi molestiae. Veniam corporis exercitationem natus quasi quia. Minus dicta omnis ea ad sunt dolores dolore odit. Porro veniam pariatur perferendis sunt est explicabo aut.', 5, '2018-01-12 04:16:06', '2018-01-12 04:16:06'),
(157, 43, 'dolores', 'Deserunt molestiae voluptates voluptatem natus debitis velit eos. Deleniti quia nisi qui hic nisi. Aperiam nulla tenetur iste laudantium similique et nam.', 1, '2018-01-12 04:16:07', '2018-01-12 04:16:07'),
(158, 28, 'eveniet', 'Aperiam voluptatem ducimus et voluptatem aut earum eaque ipsum. Dolor dolorum quo sunt est quos aut explicabo. Quia voluptate ut et debitis consectetur nihil.', 2, '2018-01-12 04:16:07', '2018-01-12 04:16:07'),
(159, 26, 'sed', 'Vel odio provident quibusdam laudantium nesciunt sint. Quia velit qui nostrum quisquam. Nulla magni veniam voluptates non expedita.', 0, '2018-01-12 04:16:07', '2018-01-12 04:16:07'),
(160, 47, 'voluptatem', 'Quas reiciendis eveniet est quia nobis. Ut quibusdam debitis explicabo reprehenderit. Aut quaerat laboriosam aperiam.', 2, '2018-01-12 04:16:07', '2018-01-12 04:16:07'),
(161, 11, 'facere', 'Provident placeat reprehenderit dolores molestiae quod ut. Dicta magnam molestiae quae nemo ut. Nostrum enim ipsum accusantium sit dignissimos ea.', 0, '2018-01-12 04:16:07', '2018-01-12 04:16:07'),
(162, 35, 'velit', 'Est ratione fugit nihil aut aut quam sed voluptatem. Illo consequatur incidunt soluta dolorum pariatur ut molestiae. Molestiae fugit non numquam sed qui impedit.', 2, '2018-01-12 04:16:07', '2018-01-12 04:16:07'),
(163, 23, 'nisi', 'Culpa dolorem et repudiandae consequatur natus aut sed. Iste et cupiditate molestias aliquam qui dolor. Commodi quos eligendi voluptas reprehenderit.', 0, '2018-01-12 04:16:07', '2018-01-12 04:16:07'),
(164, 10, 'magnam', 'Porro tempora in sed omnis perspiciatis. Porro dolor et sit veritatis consequatur quaerat architecto. Omnis tempore cupiditate omnis aut.', 1, '2018-01-12 04:16:07', '2018-01-12 04:16:07'),
(165, 32, 'molestiae', 'Explicabo doloribus magnam velit est deleniti cum. Commodi ea veniam aut repellat. Voluptatum sed placeat et. Dolorem consequatur asperiores dolorum quo voluptas quia repellat.', 0, '2018-01-12 04:16:07', '2018-01-12 04:16:07'),
(166, 28, 'qui', 'Nihil qui doloribus ipsa molestiae. Quas aut officiis quae molestias saepe dolores voluptas. Molestias corrupti cum vitae et rerum facilis amet nihil. Culpa saepe velit sit quos.', 4, '2018-01-12 04:16:07', '2018-01-12 04:16:07'),
(167, 32, 'temporibus', 'Dolor praesentium quis deleniti est repudiandae aut porro. Error quo voluptatem eos autem. Odio ipsum nulla provident deserunt cum modi quae.', 4, '2018-01-12 04:16:07', '2018-01-12 04:16:07'),
(168, 30, 'commodi', 'Sint enim asperiores et assumenda soluta laudantium quaerat aut. Corporis quia odit laboriosam. Consequuntur aspernatur autem consequuntur ut tempora.', 4, '2018-01-12 04:16:07', '2018-01-12 04:16:07'),
(169, 46, 'dolorum', 'Quasi voluptatibus aut sit aliquam est. Voluptates enim dolor voluptas omnis. Ea dignissimos recusandae amet dolores. Maiores soluta repellendus nesciunt doloremque temporibus.', 5, '2018-01-12 04:16:07', '2018-01-12 04:16:07'),
(170, 23, 'consequatur', 'Voluptas velit vel est iure reiciendis. Molestias corporis et culpa. Non eius quo est pariatur illum. Accusantium voluptatem delectus assumenda eaque architecto.', 4, '2018-01-12 04:16:07', '2018-01-12 04:16:07'),
(171, 22, 'quia', 'Aut id hic corrupti hic. Accusantium quo quis iure ad ab inventore. Aut eum rerum et aut eos. Expedita sit rerum est rem. Omnis nostrum omnis adipisci nesciunt explicabo.', 2, '2018-01-12 04:16:07', '2018-01-12 04:16:07'),
(172, 21, 'commodi', 'Officiis ut natus earum iste reiciendis quis. Recusandae qui ab rerum sit ipsum necessitatibus. Maxime voluptatem et vitae reiciendis quis. Omnis non dignissimos consectetur quisquam tempore.', 2, '2018-01-12 04:16:07', '2018-01-12 04:16:07'),
(173, 36, 'magnam', 'Corporis perferendis dolor voluptates quibusdam perspiciatis error nihil. Doloribus reiciendis a dolores occaecati sapiente tempora. Perferendis deserunt ducimus reiciendis distinctio et.', 0, '2018-01-12 04:16:07', '2018-01-12 04:16:07'),
(174, 17, 'voluptas', 'Nobis dolores quia sapiente. Quo fugit repellat soluta sed perferendis quia. Rem ratione omnis eos rerum qui corrupti et corporis. Nemo accusamus repellendus aliquam culpa quas.', 2, '2018-01-12 04:16:07', '2018-01-12 04:16:07'),
(175, 21, 'magni', 'Sint quia et ut et. Porro laboriosam quam at molestias voluptatem explicabo.', 5, '2018-01-12 04:16:07', '2018-01-12 04:16:07'),
(176, 50, 'recusandae', 'Pariatur rerum error corporis eos ipsa culpa. Repudiandae ut nesciunt voluptas sed labore labore. Qui assumenda unde veritatis culpa et exercitationem. Totam ut et aut non voluptatibus.', 4, '2018-01-12 04:16:07', '2018-01-12 04:16:07'),
(177, 41, 'amet', 'Facilis debitis hic iusto. Voluptatem magnam incidunt suscipit quia nesciunt consequuntur. Corporis sed itaque dolore ea soluta.', 2, '2018-01-12 04:16:07', '2018-01-12 04:16:07'),
(178, 35, 'laborum', 'Iusto et voluptatum rerum dolore aut ut iure. Occaecati magnam et architecto eos. Nostrum cumque adipisci quis unde sed expedita aut aperiam. Reprehenderit dolor nulla fugit quia recusandae ut est.', 5, '2018-01-12 04:16:07', '2018-01-12 04:16:07'),
(179, 7, 'laboriosam', 'Deleniti deserunt porro et sint eligendi molestiae sapiente cumque. Voluptate nihil est nihil in consequatur. Quia omnis eius reprehenderit assumenda dolorem.', 3, '2018-01-12 04:16:07', '2018-01-12 04:16:07'),
(180, 28, 'ullam', 'Delectus sequi harum nisi quae beatae cumque id. Voluptas officia totam odio omnis quisquam molestiae. Quia quam molestiae sint itaque quos.', 5, '2018-01-12 04:16:07', '2018-01-12 04:16:07'),
(181, 4, 'eum', 'Porro a rerum quas optio. Est qui id qui vel. Quos molestiae iste fugiat. Qui aut cumque et laborum.', 1, '2018-01-12 04:16:07', '2018-01-12 04:16:07'),
(182, 49, 'laborum', 'Mollitia velit ratione voluptas blanditiis. Molestiae possimus et quis laboriosam. Quia dolor voluptatibus ut doloribus nisi odio et.', 4, '2018-01-12 04:16:07', '2018-01-12 04:16:07'),
(183, 40, 'est', 'Sint ut corrupti sed omnis quia quas est tempora. Harum nihil voluptatem possimus rerum. Nihil excepturi voluptatem perferendis voluptatem. Ex dolor dolorum officia eligendi.', 3, '2018-01-12 04:16:07', '2018-01-12 04:16:07'),
(184, 31, 'aut', 'Ea sit error aspernatur iusto voluptatum molestiae qui doloribus. Enim temporibus necessitatibus consequatur ullam. Odio explicabo quia fugiat aut fuga quia sit aperiam.', 1, '2018-01-12 04:16:07', '2018-01-12 04:16:07'),
(185, 12, 'temporibus', 'At ullam nihil voluptas et nobis velit quo. Dicta et ut quia beatae enim. Nostrum sapiente repellat natus aspernatur hic nesciunt.', 4, '2018-01-12 04:16:07', '2018-01-12 04:16:07'),
(186, 10, 'praesentium', 'Et quam fugit alias in voluptates iste quidem praesentium. Ex voluptatem ipsam et vel. Consectetur omnis aut aperiam qui hic porro natus. Expedita commodi sunt voluptatem eum quos reiciendis velit.', 0, '2018-01-12 04:16:07', '2018-01-12 04:16:07'),
(187, 30, 'fugiat', 'Minima molestiae maxime quibusdam dolorem dolorem quis in. Sunt beatae mollitia laborum modi hic. In suscipit in at aut.', 3, '2018-01-12 04:16:07', '2018-01-12 04:16:07'),
(188, 1, 'tempora', 'Omnis quae dolor voluptatem esse. Ut eos odio expedita et consequuntur reiciendis ad. Ex incidunt ipsam officia repellat. Et laborum rerum est dolor odio et.', 4, '2018-01-12 04:16:07', '2018-01-12 04:16:07'),
(189, 31, 'placeat', 'Molestias doloribus non voluptates voluptatum mollitia. Laborum vel et aliquid. Atque quo voluptatem autem. At optio repudiandae ut sit nostrum necessitatibus.', 0, '2018-01-12 04:16:07', '2018-01-12 04:16:07'),
(190, 5, 'molestiae', 'Itaque inventore est veritatis doloremque sit dolores enim saepe. Non saepe eaque et dolores. Modi accusamus quasi sed modi quis sequi.', 4, '2018-01-12 04:16:07', '2018-01-12 04:16:07'),
(191, 4, 'explicabo', 'Quis voluptate et ea assumenda. Eligendi expedita dolorem voluptatum sequi at iusto laboriosam. Voluptates maiores aut beatae non ut quaerat. Similique facilis officiis tempore et ipsa voluptatem.', 3, '2018-01-12 04:16:07', '2018-01-12 04:16:07'),
(192, 44, 'atque', 'Tenetur vitae aut deleniti ullam quod. Minima odit reprehenderit amet consequatur aut dolor. Est pariatur necessitatibus odit iste est minus quisquam.', 1, '2018-01-12 04:16:07', '2018-01-12 04:16:07'),
(193, 50, 'voluptates', 'Corporis at at nam et. Soluta debitis et vero sapiente nam cupiditate. Voluptate ea pariatur autem est sed.', 5, '2018-01-12 04:16:07', '2018-01-12 04:16:07'),
(194, 50, 'inventore', 'Ducimus blanditiis ab natus ipsam accusantium est ut. Ipsa numquam iusto earum voluptatem repudiandae. Delectus et sed quo doloremque saepe.', 1, '2018-01-12 04:16:07', '2018-01-12 04:16:07'),
(195, 3, 'beatae', 'Illum sed quia quia tenetur provident consectetur. Et fugiat quis in doloremque dolore voluptas repellat pariatur. Molestiae eveniet tenetur omnis. Doloremque repellendus aut in aut iusto.', 0, '2018-01-12 04:16:08', '2018-01-12 04:16:08'),
(196, 9, 'accusamus', 'Minus iure delectus itaque ea. Ipsa dolorem ipsum voluptatem laborum deserunt. Aut neque eaque quis.', 3, '2018-01-12 04:16:08', '2018-01-12 04:16:08'),
(197, 2, 'nemo', 'Perferendis natus quia facere. Rem recusandae debitis possimus non. Eos possimus natus est consequatur placeat commodi aut. Qui aut quos saepe.', 2, '2018-01-12 04:16:08', '2018-01-12 04:16:08'),
(198, 9, 'ut', 'Voluptas hic consequatur modi impedit explicabo rem. Sit quia est qui vel autem provident. Voluptas similique aperiam doloribus corrupti.', 2, '2018-01-12 04:16:08', '2018-01-12 04:16:08'),
(199, 34, 'qui', 'Veritatis illum itaque impedit ut qui est dolores. Amet quae consequatur consequatur totam consequatur iste facere. Eos voluptatem unde atque magnam nam qui voluptas.', 5, '2018-01-12 04:16:08', '2018-01-12 04:16:08'),
(200, 24, 'aliquam', 'Necessitatibus illum totam possimus necessitatibus dolorem dignissimos blanditiis. Dolores exercitationem porro ut consequuntur. Tenetur sequi qui provident rem sunt sed.', 5, '2018-01-12 04:16:08', '2018-01-12 04:16:08'),
(201, 37, 'sint', 'Cum atque vero qui eligendi. Natus porro occaecati occaecati porro est in reiciendis aut. Cum sint illum inventore corporis accusantium. Ipsum odit sit voluptatibus magni et rem deleniti.', 4, '2018-01-12 04:16:08', '2018-01-12 04:16:08'),
(202, 40, 'perferendis', 'Consequatur eius aut molestiae. Officia rerum aliquam voluptas rerum qui laborum ducimus ut. Dolorem facilis corrupti consequatur hic.', 2, '2018-01-12 04:16:08', '2018-01-12 04:16:08'),
(203, 39, 'molestiae', 'Distinctio ut reprehenderit quisquam. Debitis dolores accusamus perspiciatis ullam. Provident voluptatem nesciunt sequi aperiam aliquam. Autem ex tenetur aperiam rerum molestias recusandae.', 4, '2018-01-12 04:16:08', '2018-01-12 04:16:08'),
(204, 17, 'voluptatem', 'Ullam dolorem quos quibusdam est facere atque. Quia aliquam aperiam sit quam. Corporis magni doloremque illo odio consequatur. Minus molestiae quo quae est sed perferendis.', 5, '2018-01-12 04:16:08', '2018-01-12 04:16:08'),
(205, 46, 'et', 'Saepe excepturi dolor qui veritatis odit minima rem. Voluptatem odit deserunt rerum numquam vitae. Expedita corrupti nesciunt natus dolor. Et dolorum et deserunt modi sed facilis ut.', 2, '2018-01-12 04:16:08', '2018-01-12 04:16:08'),
(206, 18, 'voluptas', 'Eius atque doloremque sapiente non sunt voluptatem quasi cupiditate. Pariatur enim vel recusandae aspernatur. Eos et eos et laborum accusamus. Earum quia repellendus perferendis qui.', 2, '2018-01-12 04:16:08', '2018-01-12 04:16:08'),
(207, 9, 'cupiditate', 'Aut ut aliquam eos id et. Sequi maiores blanditiis modi est et fugit. Doloribus labore rerum reiciendis eligendi. A nihil voluptatem quod odio natus.', 3, '2018-01-12 04:16:08', '2018-01-12 04:16:08'),
(208, 45, 'quae', 'At est velit id velit ut sed vel. Et officia consequuntur sunt quidem cum aut. Ipsa accusamus tempora et omnis reiciendis.', 4, '2018-01-12 04:16:08', '2018-01-12 04:16:08'),
(209, 43, 'distinctio', 'Natus incidunt dolore distinctio. Aliquid ratione nesciunt natus. Saepe enim maiores alias et itaque maxime quia. Voluptatem laborum dolor corrupti pariatur.', 3, '2018-01-12 04:16:08', '2018-01-12 04:16:08'),
(210, 42, 'sed', 'Doloremque ea et tenetur. Qui unde corporis beatae sint accusamus non placeat.', 3, '2018-01-12 04:16:08', '2018-01-12 04:16:08'),
(211, 8, 'commodi', 'Dolores praesentium mollitia dolores fugit. Et aut voluptatum autem non vel sint sapiente minus. Velit nulla quisquam recusandae impedit hic ea dolore. Ea et aut magnam accusamus aut sapiente esse.', 3, '2018-01-12 04:16:08', '2018-01-12 04:16:08'),
(212, 11, 'est', 'Eaque dolorem accusamus voluptatem ut ut aspernatur. Aut eum necessitatibus recusandae ut. Maxime ipsum quia ut eius.', 2, '2018-01-12 04:16:08', '2018-01-12 04:16:08'),
(213, 50, 'molestiae', 'Magni ab et fugiat vel voluptas. Iure ut quo qui voluptatem fuga iusto.', 4, '2018-01-12 04:16:08', '2018-01-12 04:16:08'),
(214, 45, 'voluptatibus', 'Rerum impedit error officia consequatur perferendis voluptas nesciunt. Omnis aut dolore labore rem rerum velit.', 0, '2018-01-12 04:16:08', '2018-01-12 04:16:08'),
(215, 18, 'distinctio', 'Reprehenderit corrupti sint ipsum eum ipsa. Sunt optio atque molestiae error occaecati quia dolores. Mollitia iusto et incidunt dolore magnam atque.', 4, '2018-01-12 04:16:08', '2018-01-12 04:16:08'),
(216, 46, 'aspernatur', 'Animi dolore ab officia deserunt eos. Voluptatem quo velit rerum aut est. Recusandae qui omnis sint eaque pariatur aut vel in.', 2, '2018-01-12 04:16:08', '2018-01-12 04:16:08'),
(217, 6, 'sequi', 'Et aut sapiente aut reprehenderit in quisquam. Minima et quis voluptatem dolorem laborum iste ut. Repellat corporis quo impedit sint. Dolor quisquam voluptatem in sint omnis.', 5, '2018-01-12 04:16:08', '2018-01-12 04:16:08'),
(218, 15, 'omnis', 'Qui voluptatem molestiae omnis consectetur. Fuga eligendi qui voluptatibus. Dignissimos cupiditate soluta nemo.', 5, '2018-01-12 04:16:08', '2018-01-12 04:16:08'),
(219, 32, 'sunt', 'Ut qui dolor sed voluptatibus quas. Commodi dolores neque numquam et nemo expedita libero repellat. Cumque magnam dolorem illum facilis. Et eveniet ut et minima corrupti qui.', 4, '2018-01-12 04:16:08', '2018-01-12 04:16:08'),
(220, 31, 'est', 'Nostrum porro et ullam in officiis aut praesentium. Autem quis repudiandae aut expedita est hic error quis. Est ut voluptatibus maxime ea neque est tempora consequatur.', 2, '2018-01-12 04:16:08', '2018-01-12 04:16:08'),
(221, 20, 'facere', 'Illo reprehenderit vel voluptates est et cupiditate. Commodi cum quis aut soluta et ad. Voluptatem voluptas et eos sit est exercitationem. Sed esse quos cumque soluta aut hic.', 4, '2018-01-12 04:16:08', '2018-01-12 04:16:08'),
(222, 6, 'aut', 'Quidem recusandae et repellat repellat totam quidem. Unde consequatur porro ducimus blanditiis maiores. Officiis nobis dolor molestias corporis. Velit eos odit eveniet sit eum voluptatum hic.', 1, '2018-01-12 04:16:08', '2018-01-12 04:16:08'),
(223, 29, 'quia', 'Voluptates est eveniet rerum. Rerum ea et reiciendis reprehenderit minima nihil incidunt. Ut et harum minus quisquam dolorem est tempore.', 0, '2018-01-12 04:16:08', '2018-01-12 04:16:08'),
(224, 19, 'eligendi', 'Ut tempora molestiae recusandae modi eveniet. Corporis temporibus fugiat sequi officiis quasi saepe quas. Eveniet optio maxime a alias voluptatum eos voluptatem.', 3, '2018-01-12 04:16:08', '2018-01-12 04:16:08'),
(225, 6, 'nostrum', 'Sint non sed deleniti fugit. Debitis eum est et minus excepturi voluptas commodi consequatur. Error inventore vel mollitia saepe ut vel ut.', 5, '2018-01-12 04:16:08', '2018-01-12 04:16:08'),
(226, 23, 'quidem', 'Maxime ut molestiae quos eum omnis et quidem. Deleniti corrupti voluptatem unde et. Iusto corporis dicta aspernatur.', 2, '2018-01-12 04:16:08', '2018-01-12 04:16:08'),
(227, 16, 'deserunt', 'Voluptates est et qui voluptate culpa soluta vero reprehenderit. Tempora nobis eum consequatur corrupti similique sint natus.', 0, '2018-01-12 04:16:08', '2018-01-12 04:16:08'),
(228, 35, 'sed', 'Officia ut dolor magni eum harum minus cum. Quia exercitationem dolores consequuntur rerum voluptate soluta. Repudiandae accusantium dicta temporibus omnis. Adipisci consequatur sint id.', 5, '2018-01-12 04:16:08', '2018-01-12 04:16:08');
INSERT INTO `reviews` (`id`, `product_id`, `customer`, `review`, `star`, `created_at`, `updated_at`) VALUES
(229, 7, 'eos', 'Natus rem officia eveniet fugit ut assumenda. Nam iusto voluptas quibusdam id repellendus vitae. Ut placeat ipsam porro et sunt qui.', 0, '2018-01-12 04:16:08', '2018-01-12 04:16:08'),
(230, 33, 'soluta', 'Ut architecto et ut. Similique officiis quo error sint vel fugit. Tenetur neque ut soluta omnis ut culpa.', 1, '2018-01-12 04:16:08', '2018-01-12 04:16:08'),
(231, 23, 'quam', 'Amet mollitia dolores assumenda. Magni magnam ut expedita excepturi. Eum molestiae sunt nostrum ut quia. Facilis explicabo voluptatem at omnis ipsam et.', 2, '2018-01-12 04:16:08', '2018-01-12 04:16:08'),
(232, 24, 'voluptas', 'Repellendus consequatur aut et sunt ab deserunt. Et libero et voluptas maiores et. Sint explicabo unde temporibus praesentium sed sed aut.', 1, '2018-01-12 04:16:08', '2018-01-12 04:16:08'),
(233, 17, 'ex', 'Saepe voluptatem beatae dolorem. Non rem voluptatem aut aut. Qui omnis asperiores in facilis. Ea animi reiciendis possimus aspernatur quasi.', 4, '2018-01-12 04:16:09', '2018-01-12 04:16:09'),
(234, 22, 'enim', 'Minus qui possimus perferendis ut. Est omnis ut voluptates ad dolore. Qui voluptas quos nostrum dicta molestiae possimus minus.', 0, '2018-01-12 04:16:09', '2018-01-12 04:16:09'),
(235, 39, 'qui', 'Eos earum aut et cupiditate. Iste quibusdam cupiditate pariatur aliquid assumenda. Doloribus tenetur pariatur quia similique quo corporis. Ab possimus numquam molestiae suscipit saepe quia.', 2, '2018-01-12 04:16:09', '2018-01-12 04:16:09'),
(236, 38, 'eius', 'At fugit deleniti eaque dignissimos. Repudiandae unde vel cupiditate error unde id. Velit harum est qui sunt tempore autem animi sunt. Et id molestias sint dolores cumque et pariatur.', 0, '2018-01-12 04:16:09', '2018-01-12 04:16:09'),
(237, 1, 'aut', 'Eveniet ex maiores omnis aut voluptatem eos inventore. Reprehenderit perferendis reiciendis dolores est. Voluptatem harum ut in enim assumenda ipsum cum maiores. Maxime quia magnam ex ab.', 2, '2018-01-12 04:16:09', '2018-01-12 04:16:09'),
(238, 8, 'reiciendis', 'Dolor architecto laboriosam recusandae hic nisi voluptatibus consequatur. At atque et velit iste. Qui incidunt possimus eum ea eius. Qui aut dolorem tenetur.', 1, '2018-01-12 04:16:09', '2018-01-12 04:16:09'),
(239, 2, 'non', 'Id aperiam enim repellendus maxime similique culpa quas quia. Possimus temporibus neque ab quo blanditiis mollitia. Similique autem expedita consequatur odit quia necessitatibus dignissimos.', 1, '2018-01-12 04:16:09', '2018-01-12 04:16:09'),
(240, 24, 'sunt', 'Saepe rerum ratione et vitae. Nisi aut expedita laboriosam dolore dolorem. Quidem nostrum sed mollitia sit illum sed et molestias. Ducimus nostrum et et dolorem adipisci animi.', 5, '2018-01-12 04:16:09', '2018-01-12 04:16:09'),
(241, 18, 'rem', 'Magnam nulla exercitationem et ipsum. Velit in est iure sunt nostrum unde. Nihil ut voluptas enim soluta autem.', 5, '2018-01-12 04:16:09', '2018-01-12 04:16:09'),
(242, 5, 'quae', 'Et totam id sunt ea veritatis corrupti qui. Id tenetur eveniet facere accusamus voluptas harum. Et sunt tempora aut rerum numquam repudiandae.', 5, '2018-01-12 04:16:09', '2018-01-12 04:16:09'),
(243, 20, 'voluptas', 'Non saepe unde asperiores repellat quod. Provident voluptatem aut quo dicta at. Similique voluptatem temporibus laudantium qui. Voluptas omnis voluptate sunt explicabo amet.', 0, '2018-01-12 04:16:09', '2018-01-12 04:16:09'),
(244, 39, 'autem', 'Qui et itaque maiores nihil magnam animi beatae. Eum minima est esse. Eius et vel explicabo non animi et.', 5, '2018-01-12 04:16:09', '2018-01-12 04:16:09'),
(245, 16, 'dolore', 'Soluta nostrum nihil illo aperiam in rerum. Fuga praesentium et laborum natus. Nisi dicta est sed accusamus qui error.', 0, '2018-01-12 04:16:09', '2018-01-12 04:16:09'),
(246, 11, 'placeat', 'Nihil maiores aut consequatur id sed quaerat dolorum. Accusantium sequi eius porro enim voluptas et. Totam magnam cum ea totam sint modi rerum. A explicabo sint ad.', 2, '2018-01-12 04:16:09', '2018-01-12 04:16:09'),
(247, 29, 'omnis', 'Error culpa recusandae voluptate quia aut incidunt ut. Officia voluptate ut nihil architecto. Est qui enim ullam. Occaecati sit assumenda sed sed maxime.', 5, '2018-01-12 04:16:09', '2018-01-12 04:16:09'),
(248, 46, 'quidem', 'Doloribus aliquid molestiae ex quisquam distinctio. Suscipit at dolorem blanditiis dolores deleniti. Culpa nihil maiores doloremque pariatur.', 3, '2018-01-12 04:16:09', '2018-01-12 04:16:09'),
(249, 32, 'dolorum', 'Cum consequatur omnis ea incidunt ea recusandae. Molestiae eos esse ut libero. Incidunt dicta aut quis aut voluptate provident.', 0, '2018-01-12 04:16:09', '2018-01-12 04:16:09'),
(250, 48, 'consequatur', 'Sit laborum et omnis unde qui quaerat tempore. Maxime minus corporis ipsam et. Non et porro deserunt. Mollitia omnis explicabo aperiam officia ut ea ut.', 3, '2018-01-12 04:16:09', '2018-01-12 04:16:09'),
(251, 34, 'ut', 'Velit aliquid vel quis aut aut molestiae similique. Quas aut placeat corrupti rem deserunt. Aliquid animi eveniet corrupti impedit quasi explicabo et.', 5, '2018-01-12 04:16:09', '2018-01-12 04:16:09'),
(252, 17, 'ut', 'Voluptas quis non est quisquam voluptates aut eaque ea. Rerum magnam animi quasi. Ut eveniet deserunt pariatur laborum vel et. Occaecati quo numquam debitis aliquid sit.', 5, '2018-01-12 04:16:09', '2018-01-12 04:16:09'),
(253, 22, 'aut', 'Ullam quo deserunt deleniti commodi qui. Itaque eos omnis natus reiciendis saepe. Aut quo sit quis quis aut sed similique.', 0, '2018-01-12 04:16:09', '2018-01-12 04:16:09'),
(254, 14, 'ut', 'Illum ab assumenda maxime impedit est. Perferendis nobis minima voluptas quod accusamus. Commodi rerum repudiandae qui numquam repudiandae doloremque sit.', 3, '2018-01-12 04:16:09', '2018-01-12 04:16:09'),
(255, 24, 'aut', 'Quam omnis sit reiciendis ad voluptas hic. Tenetur et dolorem sit quo. Et omnis ut eum delectus consequuntur maxime in.', 4, '2018-01-12 04:16:09', '2018-01-12 04:16:09'),
(256, 29, 'vel', 'Voluptas vel sed ut nisi enim voluptatem eveniet. Magni nemo eum voluptas tenetur. Consequatur expedita aut autem eos quis animi.', 3, '2018-01-12 04:16:09', '2018-01-12 04:16:09'),
(257, 47, 'eum', 'Ut maxime possimus saepe ea aut. Eum voluptatem in dolores aut neque. Sunt harum molestiae non qui. Cumque voluptatem animi dolore excepturi eaque.', 1, '2018-01-12 04:16:09', '2018-01-12 04:16:09'),
(258, 30, 'aliquid', 'Et iusto vitae similique eveniet ex est. Facilis voluptatum labore est. Blanditiis laudantium voluptatem ut labore at aut dolorum non.', 4, '2018-01-12 04:16:09', '2018-01-12 04:16:09'),
(259, 33, 'consequatur', 'Voluptas sit et minus omnis ut sint. Quia quibusdam sint provident repellat. Fugiat fugiat ut minus illum porro voluptates qui numquam. Vitae ex fugit est sed.', 5, '2018-01-12 04:16:09', '2018-01-12 04:16:09'),
(260, 9, 'sed', 'Sed ut et est velit unde quo doloremque. Ducimus dignissimos in quo inventore non aliquam nisi minus. Est rem quaerat ullam occaecati nemo reiciendis.', 1, '2018-01-12 04:16:09', '2018-01-12 04:16:09'),
(261, 25, 'ab', 'Ratione suscipit suscipit nesciunt eaque vel. Provident id dolorum maxime accusantium. Autem sed dolores temporibus deserunt quasi suscipit facere sit.', 4, '2018-01-12 04:16:09', '2018-01-12 04:16:09'),
(262, 18, 'repudiandae', 'Asperiores porro illo quos illo quia. Eum quia quia qui aperiam esse et rerum corrupti. Commodi voluptates autem et et voluptas.', 5, '2018-01-12 04:16:09', '2018-01-12 04:16:09'),
(263, 4, 'exercitationem', 'Quis aliquam sit dolor quae delectus. Dolores autem dicta assumenda fuga. Beatae officiis est similique id.', 4, '2018-01-12 04:16:09', '2018-01-12 04:16:09'),
(264, 2, 'libero', 'Dolore ea iste eaque rerum recusandae. Ut error sit id excepturi et dignissimos ratione. Quia ipsum incidunt eaque incidunt sint officiis.', 2, '2018-01-12 04:16:09', '2018-01-12 04:16:09'),
(265, 36, 'illum', 'Dolorum voluptas alias quis quaerat rerum mollitia autem. Qui qui magni autem temporibus et est. Repellat et voluptatibus est tempora reiciendis qui. Ut vitae eum quas incidunt.', 3, '2018-01-12 04:16:09', '2018-01-12 04:16:09'),
(266, 18, 'et', 'Labore minus sit vitae velit eveniet rerum eos. Et temporibus beatae ut repellendus. Esse et eos dicta necessitatibus iusto suscipit doloremque. Magni ut numquam distinctio.', 4, '2018-01-12 04:16:09', '2018-01-12 04:16:09'),
(267, 42, 'sint', 'Suscipit fuga mollitia ducimus minima sunt. Et sunt perspiciatis iusto occaecati earum. Dolorem repellendus et officiis vitae nihil dolor.', 0, '2018-01-12 04:16:09', '2018-01-12 04:16:09'),
(268, 50, 'corrupti', 'Est dolorum id facilis enim quia quis voluptas. Deserunt sit voluptas architecto earum recusandae.', 0, '2018-01-12 04:16:09', '2018-01-12 04:16:09'),
(269, 49, 'error', 'Corporis cum voluptatem nam eligendi voluptatem asperiores saepe. Culpa repudiandae veritatis explicabo iste. Eaque eius eum odio nihil alias repellendus. Ad ut omnis ut consequatur aut.', 2, '2018-01-12 04:16:09', '2018-01-12 04:16:09'),
(270, 49, 'ab', 'Exercitationem qui sunt maiores qui. Provident quia nobis id in est. Quibusdam qui ipsam suscipit est consequatur.', 3, '2018-01-12 04:16:09', '2018-01-12 04:16:09'),
(271, 14, 'in', 'Id quam laudantium perspiciatis. Neque aspernatur repellendus tempora sequi et et sint iusto. Animi aspernatur dignissimos sit sit. Quisquam cum harum sint amet est iure.', 2, '2018-01-12 04:16:09', '2018-01-12 04:16:09'),
(272, 31, 'est', 'Enim quo ipsum iure perspiciatis. Autem facere libero et velit in. Libero optio sed ullam officia aliquid beatae. Distinctio in vel molestiae et blanditiis voluptas.', 5, '2018-01-12 04:16:09', '2018-01-12 04:16:09'),
(273, 49, 'consequuntur', 'Nobis est magni quod ut est voluptas. Qui nesciunt eius deserunt itaque. Natus rerum quo aut consequuntur quia veniam molestiae.', 0, '2018-01-12 04:16:10', '2018-01-12 04:16:10'),
(274, 27, 'reprehenderit', 'Dicta quia tenetur eius fugit. Placeat deleniti amet laudantium provident quis reiciendis neque. Provident enim et alias aut dolorum adipisci impedit. Corrupti voluptate omnis modi voluptas omnis.', 4, '2018-01-12 04:16:10', '2018-01-12 04:16:10'),
(275, 37, 'harum', 'Cum aut a ad ad ab rerum. Id culpa earum est quis officia. Nemo perspiciatis doloribus iure labore fugiat eius.', 0, '2018-01-12 04:16:10', '2018-01-12 04:16:10'),
(276, 2, 'minima', 'Ut sit commodi quas deserunt iure. Suscipit nihil quo sit dignissimos est aut quia. Id quod occaecati neque consequatur. Est magni itaque beatae ut autem neque qui.', 3, '2018-01-12 04:16:10', '2018-01-12 04:16:10'),
(277, 7, 'doloremque', 'Expedita dignissimos porro nisi ipsum nisi itaque. Accusamus at magni a quia voluptas eum vitae. Iusto officiis rerum qui a doloribus est.', 1, '2018-01-12 04:16:10', '2018-01-12 04:16:10'),
(278, 3, 'sunt', 'Cumque blanditiis sed in. Et est atque pariatur. Numquam facere asperiores a incidunt consequatur.', 3, '2018-01-12 04:16:10', '2018-01-12 04:16:10'),
(279, 48, 'et', 'Rerum ullam nulla est. Sint hic est cupiditate facere. Et sequi voluptatem et labore neque rem non. Veritatis facilis temporibus sequi quae sed qui.', 0, '2018-01-12 04:16:10', '2018-01-12 04:16:10'),
(280, 1, 'minus', 'Placeat fugiat quia mollitia consequatur. Rerum accusamus veritatis dignissimos. Dolore quas eveniet illum reiciendis nostrum possimus. Officiis excepturi deleniti incidunt quo vel.', 0, '2018-01-12 04:16:10', '2018-01-12 04:16:10'),
(281, 37, 'animi', 'Aperiam in ullam at ut facilis quo laborum. Esse magni vitae et eos ducimus. Sed perferendis atque fugiat. Ipsum expedita consequuntur nam ea aperiam dolor minus.', 4, '2018-01-12 04:16:10', '2018-01-12 04:16:10'),
(282, 40, 'error', 'Voluptas aut sed sint et iste impedit. Accusantium eos amet id dolorem delectus placeat qui. Aperiam qui sint magnam molestias labore neque voluptas. Quis et est sequi dolores veniam qui.', 4, '2018-01-12 04:16:10', '2018-01-12 04:16:10'),
(283, 38, 'qui', 'Qui ex quidem voluptatem placeat ab. Repellat magni vero at. Ducimus ipsam aut facere tempore et aliquid quae.', 3, '2018-01-12 04:16:10', '2018-01-12 04:16:10'),
(284, 44, 'beatae', 'Debitis laudantium perferendis et dolor officiis aperiam pariatur. Dolores sit at quo. Rerum quos distinctio et omnis possimus nostrum minima consectetur.', 3, '2018-01-12 04:16:10', '2018-01-12 04:16:10'),
(285, 17, 'voluptatum', 'Laboriosam numquam aut a omnis vero atque delectus. Eaque eum quia voluptates iure quam eius perferendis.', 0, '2018-01-12 04:16:10', '2018-01-12 04:16:10'),
(286, 18, 'quod', 'Unde perferendis natus ipsum. Molestiae dolorem aspernatur quos totam et praesentium nesciunt non. Et voluptate aliquam mollitia sed odit libero deserunt.', 3, '2018-01-12 04:16:10', '2018-01-12 04:16:10'),
(287, 9, 'qui', 'Sunt accusamus assumenda repudiandae ut voluptates consequatur. Sit consequuntur magni ipsam. Necessitatibus aut corporis consequuntur qui temporibus voluptate.', 4, '2018-01-12 04:16:10', '2018-01-12 04:16:10'),
(288, 16, 'vero', 'Placeat qui aspernatur culpa est. Quis illo corrupti ea ipsam dignissimos. Labore modi id sint vitae. Et eos atque laboriosam atque quis eos exercitationem.', 3, '2018-01-12 04:16:10', '2018-01-12 04:16:10'),
(289, 2, 'natus', 'Suscipit est sequi quasi vel quisquam. Ipsam dolor voluptates eveniet fugiat quia et. Sit sed illo recusandae velit dolore a vero.', 0, '2018-01-12 04:16:10', '2018-01-12 04:16:10'),
(290, 21, 'quasi', 'Dolores et et rerum a. Et qui similique occaecati temporibus nulla iusto.', 0, '2018-01-12 04:16:10', '2018-01-12 04:16:10'),
(291, 18, 'enim', 'Quaerat quod sint occaecati non. Officiis quia ea aut error ut. Est aspernatur et reiciendis neque vel iste qui.', 2, '2018-01-12 04:16:10', '2018-01-12 04:16:10'),
(292, 31, 'dolorum', 'Veniam omnis voluptates sit ipsa molestiae et et earum. Adipisci facere qui optio quod quaerat dolorum. Voluptatem corporis dolorem in accusamus aut quia.', 2, '2018-01-12 04:16:10', '2018-01-12 04:16:10'),
(293, 25, 'ut', 'Omnis esse sit velit voluptatibus minus soluta. Sit excepturi quos harum.', 2, '2018-01-12 04:16:10', '2018-01-12 04:16:10'),
(294, 15, 'et', 'Dolore non repudiandae amet et illum voluptatem voluptatum. Et non impedit qui incidunt et est. Est quam repellendus id rerum sed illum.', 3, '2018-01-12 04:16:10', '2018-01-12 04:16:10'),
(295, 26, 'recusandae', 'Quas quis nihil repellat earum quo. Quia ad et voluptatem repellat nostrum. Nam quis ut nobis eveniet sunt. Odio earum aliquam omnis itaque ea.', 1, '2018-01-12 04:16:10', '2018-01-12 04:16:10'),
(296, 43, 'consequatur', 'Assumenda quas omnis distinctio impedit aut libero consequuntur. Et et dignissimos deleniti eaque rem minima quas. A quod blanditiis et soluta dolorem deserunt.', 4, '2018-01-12 04:16:10', '2018-01-12 04:16:10'),
(297, 1, 'et', 'Odio enim pariatur quia et quasi rerum. Dicta ea voluptatum sed voluptatibus vel maxime temporibus. Maxime consequuntur non maiores id. Accusamus fuga sed et voluptatibus aut temporibus.', 2, '2018-01-12 04:16:10', '2018-01-12 04:16:10'),
(298, 39, 'in', 'Sit et in est at sed rerum. Suscipit est est repellat iste quam. Eos aliquid ducimus enim numquam. Possimus qui numquam quia est architecto suscipit eaque.', 5, '2018-01-12 04:16:10', '2018-01-12 04:16:10'),
(299, 3, 'in', 'Aut rerum adipisci ducimus eos suscipit dolores dolor veritatis. Eius ut voluptas dolorum cum recusandae. Est temporibus aliquid ea.', 1, '2018-01-12 04:16:10', '2018-01-12 04:16:10'),
(300, 27, 'consectetur', 'Neque incidunt quibusdam enim itaque qui eius. Vero exercitationem repellendus id quia rerum. Corrupti eligendi ea sed dolorem.', 0, '2018-01-12 04:16:11', '2018-01-12 04:16:11');

-- --------------------------------------------------------

--
-- Table structure for table `users`
--

CREATE TABLE `users` (
  `id` int(10) UNSIGNED NOT NULL,
  `name` varchar(100) COLLATE utf8mb4_unicode_ci NOT NULL,
  `email` varchar(100) COLLATE utf8mb4_unicode_ci NOT NULL,
  `password` varchar(100) COLLATE utf8mb4_unicode_ci NOT NULL,
  `remember_token` varchar(100) COLLATE utf8mb4_unicode_ci DEFAULT NULL,
  `created_at` timestamp NULL DEFAULT NULL,
  `updated_at` timestamp NULL DEFAULT NULL
) ENGINE=InnoDB DEFAULT CHARSET=utf8mb4 COLLATE=utf8mb4_unicode_ci;

--
-- Indexes for dumped tables
--

--
-- Indexes for table `migrations`
--
ALTER TABLE `migrations`
  ADD PRIMARY KEY (`id`);

--
-- Indexes for table `password_resets`
--
ALTER TABLE `password_resets`
  ADD KEY `password_resets_email_index` (`email`);

--
-- Indexes for table `products`
--
ALTER TABLE `products`
  ADD PRIMARY KEY (`id`);

--
-- Indexes for table `reviews`
--
ALTER TABLE `reviews`
  ADD PRIMARY KEY (`id`),
  ADD KEY `reviews_product_id_index` (`product_id`);

--
-- Indexes for table `users`
--
ALTER TABLE `users`
  ADD PRIMARY KEY (`id`),
  ADD UNIQUE KEY `users_email_unique` (`email`);

--
-- AUTO_INCREMENT for dumped tables
--

--
-- AUTO_INCREMENT for table `migrations`
--
ALTER TABLE `migrations`
  MODIFY `id` int(10) UNSIGNED NOT NULL AUTO_INCREMENT, AUTO_INCREMENT=5;

--
-- AUTO_INCREMENT for table `products`
--
ALTER TABLE `products`
  MODIFY `id` int(10) UNSIGNED NOT NULL AUTO_INCREMENT, AUTO_INCREMENT=51;

--
-- AUTO_INCREMENT for table `reviews`
--
ALTER TABLE `reviews`
  MODIFY `id` int(10) UNSIGNED NOT NULL AUTO_INCREMENT, AUTO_INCREMENT=301;

--
-- AUTO_INCREMENT for table `users`
--
ALTER TABLE `users`
  MODIFY `id` int(10) UNSIGNED NOT NULL AUTO_INCREMENT;

--
-- Constraints for dumped tables
--

--
-- Constraints for table `reviews`
--
ALTER TABLE `reviews`
  ADD CONSTRAINT `reviews_product_id_foreign` FOREIGN KEY (`product_id`) REFERENCES `products` (`id`) ON DELETE CASCADE;
COMMIT;

/*!40101 SET CHARACTER_SET_CLIENT=@OLD_CHARACTER_SET_CLIENT */;
/*!40101 SET CHARACTER_SET_RESULTS=@OLD_CHARACTER_SET_RESULTS */;
/*!40101 SET COLLATION_CONNECTION=@OLD_COLLATION_CONNECTION */;
